<TICKER>,<PER>,<DATE>,<TIME>,<CLOSE>,<VOL>
BANEP,D,11/18/11,00:00,1325.0000000,7397
BANEP,D,11/21/11,00:00,1290.0000000,3787
BANEP,D,11/22/11,00:00,1280.0000000,5999
BANEP,D,11/23/11,00:00,1260.0000000,4335
BANEP,D,11/24/11,00:00,1256.0000000,691
BANEP,D,11/25/11,00:00,1241.3000000,902
BANEP,D,11/28/11,00:00,1241.0000000,7917
BANEP,D,11/29/11,00:00,1201.1000000,10073
BANEP,D,11/30/11,00:00,1210.0000000,4134
BANEP,D,12/01/11,00:00,1205.0000000,13311
BANEP,D,12/02/11,00:00,1208.5000000,3760
BANEP,D,12/05/11,00:00,1215.0000000,2891
BANEP,D,12/06/11,00:00,1199.3000000,3946
BANEP,D,12/07/11,00:00,1190.0000000,6568
BANEP,D,12/08/11,00:00,1190.0000000,4546
BANEP,D,12/09/11,00:00,1161.0000000,11926
BANEP,D,12/12/11,00:00,1152.0000000,2486
BANEP,D,12/13/11,00:00,1150.0000000,4265
BANEP,D,12/14/11,00:00,1130.0000000,11758
BANEP,D,12/15/11,00:00,1095.0000000,24139
BANEP,D,12/16/11,00:00,1097.5000000,8714
BANEP,D,12/19/11,00:00,1069.9000000,9671
BANEP,D,12/20/11,00:00,1052.5000000,13494
BANEP,D,12/21/11,00:00,1043.5000000,9490
BANEP,D,12/22/11,00:00,1057.5000000,14407
BANEP,D,12/23/11,00:00,1059.5000000,12739
BANEP,D,12/26/11,00:00,1070.0000000,9527
BANEP,D,12/27/11,00:00,1070.0000000,27855
BANEP,D,12/28/11,00:00,1065.0000000,9490
BANEP,D,12/29/11,00:00,1070.0000000,6950
BANEP,D,12/30/11,00:00,1071.0000000,5308
BANEP,D,01/03/12,00:00,1095.0000000,2529
BANEP,D,01/04/12,00:00,1117.0000000,1294
BANEP,D,01/05/12,00:00,1119.9000000,3420
BANEP,D,01/06/12,00:00,1132.6000000,3620
BANEP,D,01/09/12,00:00,1141.0000000,4946
BANEP,D,01/10/12,00:00,1145.0000000,9014
BANEP,D,01/11/12,00:00,1146.9000000,11168
BANEP,D,01/12/12,00:00,1145.0000000,14012
BANEP,D,01/13/12,00:00,1154.9000000,27974
BANEP,D,01/16/12,00:00,1190.0000000,6638
BANEP,D,01/17/12,00:00,1215.1000000,13470
BANEP,D,01/18/12,00:00,1225.9000000,16448
BANEP,D,01/19/12,00:00,1236.9000000,10533
BANEP,D,01/20/12,00:00,1225.0000000,13107
BANEP,D,01/23/12,00:00,1214.0000000,4944
BANEP,D,01/24/12,00:00,1210.9000000,11079
BANEP,D,01/25/12,00:00,1214.9000000,30565
BANEP,D,01/26/12,00:00,1213.0000000,24467
BANEP,D,01/27/12,00:00,1180.0000000,30523
BANEP,D,01/30/12,00:00,1193.9000000,8795
BANEP,D,01/31/12,00:00,1210.0000000,6474
BANEP,D,02/01/12,00:00,1214.0000000,9960
BANEP,D,02/02/12,00:00,1209.8000000,20489
BANEP,D,02/03/12,00:00,1225.0000000,14188
BANEP,D,02/06/12,00:00,1228.5000000,5785
BANEP,D,02/07/12,00:00,1243.8000000,19706
BANEP,D,02/08/12,00:00,1272.0000000,42179
BANEP,D,02/09/12,00:00,1258.3000000,8074
BANEP,D,02/10/12,00:00,1256.0000000,21192
BANEP,D,02/13/12,00:00,1269.2000000,45961
BANEP,D,02/14/12,00:00,1267.7000000,40191
BANEP,D,02/15/12,00:00,1305.0000000,27385
BANEP,D,02/16/12,00:00,1305.0000000,9283
BANEP,D,02/17/12,00:00,1307.9000000,10811
BANEP,D,02/20/12,00:00,1310.0000000,10458
BANEP,D,02/21/12,00:00,1308.6000000,12161
BANEP,D,02/22/12,00:00,1305.9000000,14587
BANEP,D,02/24/12,00:00,1332.9000000,59975
BANEP,D,02/27/12,00:00,1327.0000000,42280
BANEP,D,02/28/12,00:00,1334.3000000,26732
BANEP,D,02/29/12,00:00,1347.0000000,19628
BANEP,D,03/01/12,00:00,1344.9000000,13812
BANEP,D,03/02/12,00:00,1359.5000000,24747
BANEP,D,03/05/12,00:00,1360.0000000,32788
BANEP,D,03/06/12,00:00,1323.0000000,38055
BANEP,D,03/07/12,00:00,1335.1000000,12127
BANEP,D,03/11/12,00:00,1375.9000000,12880
BANEP,D,03/12/12,00:00,1409.0000000,98605
BANEP,D,03/13/12,00:00,1414.8000000,41636
BANEP,D,03/14/12,00:00,1413.1000000,83964
BANEP,D,03/15/12,00:00,1397.0000000,19161
BANEP,D,03/16/12,00:00,1370.0000000,34956
BANEP,D,03/19/12,00:00,1362.5000000,23053
BANEP,D,03/20/12,00:00,1352.0000000,13739
BANEP,D,03/21/12,00:00,1353.0000000,10551
BANEP,D,03/22/12,00:00,1320.0000000,20621
BANEP,D,03/23/12,00:00,1317.6000000,102819
BANEP,D,03/26/12,00:00,1317.0000000,34949
BANEP,D,03/27/12,00:00,1295.0000000,33531
BANEP,D,03/28/12,00:00,1273.0000000,51528
BANEP,D,03/29/12,00:00,1258.9000000,21240
BANEP,D,03/30/12,00:00,1280.0000000,29220
BANEP,D,04/02/12,00:00,1251.3000000,44341
BANEP,D,04/03/12,00:00,1257.0000000,18327
BANEP,D,04/04/12,00:00,1260.0000000,28623
BANEP,D,04/05/12,00:00,1258.1000000,23071
BANEP,D,04/06/12,00:00,1259.0000000,13417
BANEP,D,04/09/12,00:00,1279.0000000,17542
BANEP,D,04/10/12,00:00,1285.9000000,60731
BANEP,D,04/11/12,00:00,1278.5000000,16930
BANEP,D,04/12/12,00:00,1280.0000000,32234
BANEP,D,04/13/12,00:00,1280.0000000,9934
BANEP,D,04/16/12,00:00,1275.7000000,20155
BANEP,D,04/17/12,00:00,1274.7000000,11741
BANEP,D,04/18/12,00:00,1275.0000000,20649
BANEP,D,04/19/12,00:00,1280.6000000,37295
BANEP,D,04/20/12,00:00,1302.9000000,24810
BANEP,D,04/23/12,00:00,1316.0000000,36718
BANEP,D,04/24/12,00:00,1253.9000000,34039
BANEP,D,04/25/12,00:00,1239.9000000,73837
BANEP,D,04/26/12,00:00,1170.0000000,37767
BANEP,D,04/27/12,00:00,1216.8000000,35372
BANEP,D,04/28/12,00:00,1219.0000000,11711
BANEP,D,05/02/12,00:00,1214.9000000,8705
BANEP,D,05/03/12,00:00,1196.0000000,12635
BANEP,D,05/04/12,00:00,1170.0000000,11370
BANEP,D,05/05/12,00:00,1177.7000000,15793
BANEP,D,05/07/12,00:00,1170.0000000,4476
BANEP,D,05/08/12,00:00,1160.4000000,2301
BANEP,D,05/10/12,00:00,1170.9000000,9987
BANEP,D,05/11/12,00:00,1179.0000000,6534
BANEP,D,05/12/12,00:00,1180.0000000,5089
BANEP,D,05/14/12,00:00,1157.0000000,29299
BANEP,D,05/15/12,00:00,1194.7000000,31294
BANEP,D,05/16/12,00:00,1065.0000000,26504
BANEP,D,05/17/12,00:00,1021.1000000,16342
BANEP,D,05/18/12,00:00,1021.4000000,11944
BANEP,D,05/21/12,00:00,1045.1000000,19199
BANEP,D,05/22/12,00:00,1048.9000000,17809
BANEP,D,05/23/12,00:00,1014.0000000,8503
BANEP,D,05/24/12,00:00,1044.2000000,3595
BANEP,D,05/25/12,00:00,1070.9000000,4395
BANEP,D,05/28/12,00:00,1090.0000000,6285
BANEP,D,05/29/12,00:00,1094.2000000,4080
BANEP,D,05/30/12,00:00,1085.6000000,1019
BANEP,D,05/31/12,00:00,1071.0000000,7594
BANEP,D,06/01/12,00:00,1070.0000000,15195
BANEP,D,06/04/12,00:00,1075.0000000,7633
BANEP,D,06/05/12,00:00,1070.0000000,3690
BANEP,D,06/06/12,00:00,1100.0000000,9825
BANEP,D,06/07/12,00:00,1125.0000000,14348
BANEP,D,06/08/12,00:00,1109.0000000,15899
BANEP,D,06/09/12,00:00,1110.0000000,1002
BANEP,D,06/13/12,00:00,1115.0000000,14961
BANEP,D,06/14/12,00:00,1141.0000000,11121
BANEP,D,06/15/12,00:00,1165.0000000,5092
BANEP,D,06/18/12,00:00,1159.9000000,19424
BANEP,D,06/19/12,00:00,1155.0000000,3163
BANEP,D,06/20/12,00:00,1160.0000000,8923
BANEP,D,06/21/12,00:00,1157.0000000,16959
BANEP,D,06/22/12,00:00,1160.0000000,5954
BANEP,D,06/25/12,00:00,1162.5000000,4764
BANEP,D,06/26/12,00:00,1161.7000000,4606
BANEP,D,06/27/12,00:00,1155.0000000,2809
BANEP,D,06/28/12,00:00,1160.0000000,9327
BANEP,D,06/29/12,00:00,1175.0000000,13302
BANEP,D,07/02/12,00:00,1209.0000000,15463
BANEP,D,07/03/12,00:00,1205.0000000,9441
BANEP,D,07/04/12,00:00,1205.0000000,10395
BANEP,D,07/05/12,00:00,1200.0000000,2902
BANEP,D,07/06/12,00:00,1195.1000000,9375
BANEP,D,07/09/12,00:00,1192.4000000,16369
BANEP,D,07/10/12,00:00,1208.0000000,39082
BANEP,D,07/11/12,00:00,1200.0000000,1965
BANEP,D,07/12/12,00:00,1184.9000000,4743
BANEP,D,07/13/12,00:00,1189.9000000,8708
BANEP,D,07/16/12,00:00,1194.7000000,18221
BANEP,D,07/17/12,00:00,1200.0000000,25741
BANEP,D,07/18/12,00:00,1194.1000000,9069
BANEP,D,07/19/12,00:00,1189.9000000,13822
BANEP,D,07/20/12,00:00,1170.0000000,11570
BANEP,D,07/23/12,00:00,1124.0000000,21619
BANEP,D,07/24/12,00:00,1129.0000000,13485
BANEP,D,07/25/12,00:00,1128.8000000,5244
BANEP,D,07/26/12,00:00,1129.9000000,14392
BANEP,D,07/27/12,00:00,1137.0000000,38393
BANEP,D,07/30/12,00:00,1137.7000000,11241
BANEP,D,07/31/12,00:00,1150.0000000,20457
BANEP,D,08/01/12,00:00,1125.1000000,13716
BANEP,D,08/02/12,00:00,1127.0000000,7019
BANEP,D,08/03/12,00:00,1126.8000000,14742
BANEP,D,08/06/12,00:00,1131.5000000,8522
BANEP,D,08/07/12,00:00,1140.0000000,9968
BANEP,D,08/08/12,00:00,1137.0000000,10755
BANEP,D,08/09/12,00:00,1158.0000000,8328
BANEP,D,08/10/12,00:00,1154.9000000,5447
BANEP,D,08/13/12,00:00,1154.0000000,5508
BANEP,D,08/14/12,00:00,1155.9000000,7200
BANEP,D,08/15/12,00:00,1148.0000000,16040
BANEP,D,08/16/12,00:00,1155.9000000,2194
BANEP,D,08/17/12,00:00,1154.4000000,1515
BANEP,D,08/20/12,00:00,1140.0000000,11661
BANEP,D,08/21/12,00:00,1147.7000000,6936
BANEP,D,08/22/12,00:00,1156.7000000,5146
BANEP,D,08/23/12,00:00,1173.8000000,17213
BANEP,D,08/24/12,00:00,1173.0000000,2355
BANEP,D,08/27/12,00:00,1183.0000000,3584
BANEP,D,08/28/12,00:00,1193.5000000,10465
BANEP,D,08/29/12,00:00,1190.0000000,20311
BANEP,D,08/30/12,00:00,1209.0000000,24878
BANEP,D,08/31/12,00:00,1219.6000000,33806
BANEP,D,09/03/12,00:00,1237.7000000,13934
BANEP,D,09/04/12,00:00,1266.0000000,37708
BANEP,D,09/05/12,00:00,1290.2000000,30789
BANEP,D,09/06/12,00:00,1324.9000000,45635
BANEP,D,09/07/12,00:00,1309.4000000,19118
BANEP,D,09/10/12,00:00,1295.5000000,10591
BANEP,D,09/11/12,00:00,1278.6000000,49746
BANEP,D,09/12/12,00:00,1304.5000000,6034
BANEP,D,09/13/12,00:00,1295.1000000,20339
BANEP,D,09/14/12,00:00,1335.0000000,40897
BANEP,D,09/17/12,00:00,1365.0000000,55098
BANEP,D,09/18/12,00:00,1320.3000000,14270
BANEP,D,09/19/12,00:00,1298.2000000,11862
BANEP,D,09/20/12,00:00,1320.4000000,10040
BANEP,D,09/21/12,00:00,1310.1000000,6668
BANEP,D,09/24/12,00:00,1326.0000000,11518
BANEP,D,09/25/12,00:00,1307.0000000,6299
BANEP,D,09/26/12,00:00,1284.0000000,43078
BANEP,D,09/27/12,00:00,1301.4000000,13237
BANEP,D,09/28/12,00:00,1279.9000000,9842
BANEP,D,10/01/12,00:00,1339.7000000,21120
BANEP,D,10/02/12,00:00,1347.8000000,27851
BANEP,D,10/03/12,00:00,1336.0000000,9784
BANEP,D,10/04/12,00:00,1331.9000000,8282
BANEP,D,10/05/12,00:00,1368.0000000,18637
BANEP,D,10/08/12,00:00,1369.0000000,9604
BANEP,D,10/09/12,00:00,1365.0000000,12177
BANEP,D,10/10/12,00:00,1345.0000000,14095
BANEP,D,10/11/12,00:00,1344.9000000,9935
BANEP,D,10/12/12,00:00,1314.0000000,15916
BANEP,D,10/15/12,00:00,1317.5000000,27472
BANEP,D,10/16/12,00:00,1318.5000000,12300
BANEP,D,10/17/12,00:00,1315.8000000,15200
BANEP,D,10/18/12,00:00,1315.0000000,7618
BANEP,D,10/19/12,00:00,1297.0000000,15731
BANEP,D,10/22/12,00:00,1319.0000000,4655
BANEP,D,10/23/12,00:00,1280.1000000,18128
BANEP,D,10/24/12,00:00,1287.9000000,4358
BANEP,D,10/25/12,00:00,1292.4000000,2724
BANEP,D,10/26/12,00:00,1280.0000000,9749
BANEP,D,10/29/12,00:00,1274.0000000,5471
BANEP,D,10/30/12,00:00,1260.0000000,10553
BANEP,D,10/31/12,00:00,1265.2000000,6882
BANEP,D,11/01/12,00:00,1271.9000000,11679
BANEP,D,11/02/12,00:00,1315.0000000,29721
BANEP,D,11/06/12,00:00,1311.2000000,5467
BANEP,D,11/07/12,00:00,1304.1000000,16317
BANEP,D,11/08/12,00:00,1278.0000000,24649
BANEP,D,11/09/12,00:00,1270.0000000,5786
BANEP,D,11/12/12,00:00,1273.9000000,4051
BANEP,D,11/13/12,00:00,1277.0000000,8565
BANEP,D,11/14/12,00:00,1280.0000000,5933
BANEP,D,11/15/12,00:00,1291.9000000,17954
BANEP,D,11/16/12,00:00,1310.0000000,13849
BANEP,D,11/19/12,00:00,1316.0000000,19711
BANEP,D,11/20/12,00:00,1316.0000000,7950
BANEP,D,11/21/12,00:00,1307.3000000,10988
BANEP,D,11/22/12,00:00,1312.1000000,32961
BANEP,D,11/23/12,00:00,1310.0000000,5459
BANEP,D,11/26/12,00:00,1304.0000000,5100
BANEP,D,11/27/12,00:00,1309.0000000,15770
BANEP,D,11/28/12,00:00,1309.6000000,6353
BANEP,D,11/29/12,00:00,1318.8000000,7586
BANEP,D,11/30/12,00:00,1328.0000000,30429
BANEP,D,12/03/12,00:00,1339.9000000,3995
BANEP,D,12/04/12,00:00,1326.0000000,62300
BANEP,D,12/05/12,00:00,1339.1000000,11391
BANEP,D,12/06/12,00:00,1333.0000000,3604
BANEP,D,12/07/12,00:00,1320.0000000,10447
BANEP,D,12/10/12,00:00,1323.0000000,8606
BANEP,D,12/11/12,00:00,1326.9000000,4869
BANEP,D,12/12/12,00:00,1317.0000000,12513
BANEP,D,12/13/12,00:00,1318.0000000,4908
BANEP,D,12/14/12,00:00,1329.0000000,5948
BANEP,D,12/17/12,00:00,1339.0000000,132653
BANEP,D,12/18/12,00:00,1362.9000000,26455
BANEP,D,12/19/12,00:00,1357.2000000,10062
BANEP,D,12/20/12,00:00,1345.3000000,8199
BANEP,D,12/21/12,00:00,1336.4000000,13055
BANEP,D,12/24/12,00:00,1325.0000000,13278
BANEP,D,12/25/12,00:00,1327.8000000,2496
BANEP,D,12/26/12,00:00,1334.9000000,2811
BANEP,D,12/27/12,00:00,1337.0000000,2041
BANEP,D,12/28/12,00:00,1332.2000000,2687
BANEP,D,01/08/13,00:00,1373.9000000,5272
BANEP,D,01/09/13,00:00,1368.0000000,4572
BANEP,D,01/10/13,00:00,1369.6000000,14802
BANEP,D,01/11/13,00:00,1355.0000000,26191
BANEP,D,01/14/13,00:00,1349.1000000,6983
BANEP,D,01/15/13,00:00,1364.0000000,16015
BANEP,D,01/16/13,00:00,1355.9000000,16712
BANEP,D,01/17/13,00:00,1362.5000000,7292
BANEP,D,01/18/13,00:00,1362.0000000,7010
BANEP,D,01/21/13,00:00,1375.0000000,20157
BANEP,D,01/22/13,00:00,1370.0000000,24531
BANEP,D,01/23/13,00:00,1373.0000000,29713
BANEP,D,01/24/13,00:00,1370.0000000,15202
BANEP,D,01/25/13,00:00,1365.3000000,6067
BANEP,D,01/28/13,00:00,1388.7000000,16184
BANEP,D,01/29/13,00:00,1391.0000000,28424
BANEP,D,01/30/13,00:00,1400.0000000,17568
BANEP,D,01/31/13,00:00,1446.9000000,42149
BANEP,D,02/01/13,00:00,1435.1000000,22242
BANEP,D,02/04/13,00:00,1442.0000000,13479
BANEP,D,02/05/13,00:00,1432.0000000,6328
BANEP,D,02/06/13,00:00,1424.0000000,31504
BANEP,D,02/07/13,00:00,1437.9000000,7994
BANEP,D,02/08/13,00:00,1413.6000000,24283
BANEP,D,02/11/13,00:00,1401.0000000,8581
BANEP,D,02/12/13,00:00,1402.8000000,4986
BANEP,D,02/13/13,00:00,1422.0000000,6662
BANEP,D,02/14/13,00:00,1415.0000000,17854
BANEP,D,02/15/13,00:00,1417.0000000,7828
BANEP,D,02/18/13,00:00,1421.9000000,5225
BANEP,D,02/19/13,00:00,1412.1000000,4278
BANEP,D,02/20/13,00:00,1405.1000000,5451
BANEP,D,02/21/13,00:00,1367.1000000,42683
BANEP,D,02/22/13,00:00,1391.8000000,8381
BANEP,D,02/25/13,00:00,1398.6000000,5507
BANEP,D,02/26/13,00:00,1384.9000000,11551
BANEP,D,02/27/13,00:00,1380.7000000,4212
BANEP,D,02/28/13,00:00,1387.7000000,5775
BANEP,D,03/01/13,00:00,1381.2000000,7411
BANEP,D,03/04/13,00:00,1386.9000000,10903
BANEP,D,03/05/13,00:00,1392.0000000,14175
BANEP,D,03/06/13,00:00,1404.0000000,7198
BANEP,D,03/07/13,00:00,1410.0000000,6146
BANEP,D,03/11/13,00:00,1424.8000000,14815
BANEP,D,03/12/13,00:00,1429.9000000,11067
BANEP,D,03/13/13,00:00,1465.0000000,30868
BANEP,D,03/14/13,00:00,1460.0000000,27803
BANEP,D,03/15/13,00:00,1422.3000000,13298
BANEP,D,03/18/13,00:00,1400.0000000,11869
BANEP,D,03/19/13,00:00,1375.5000000,7768
BANEP,D,03/20/13,00:00,1374.7000000,42831
BANEP,D,03/21/13,00:00,1375.0000000,13668
BANEP,D,03/22/13,00:00,1349.4000000,8686
BANEP,D,03/25/13,00:00,1315.0000000,8809
BANEP,D,03/26/13,00:00,1315.9000000,18633
BANEP,D,03/27/13,00:00,1306.0000000,39576
BANEP,D,03/28/13,00:00,1307.0000000,18239
BANEP,D,03/29/13,00:00,1310.0000000,6106
BANEP,D,04/01/13,00:00,1305.2000000,8034
BANEP,D,04/02/13,00:00,1311.0000000,7728
BANEP,D,04/03/13,00:00,1321.6000000,5737
BANEP,D,04/04/13,00:00,1300.0000000,25355
BANEP,D,04/05/13,00:00,1300.0000000,12299
BANEP,D,04/08/13,00:00,1291.9000000,9801
BANEP,D,04/09/13,00:00,1296.6000000,12216
BANEP,D,04/10/13,00:00,1300.1000000,17064
BANEP,D,04/11/13,00:00,1297.5000000,24544
BANEP,D,04/12/13,00:00,1275.8000000,20517
BANEP,D,04/15/13,00:00,1260.0000000,22429
BANEP,D,04/16/13,00:00,1243.1000000,29467
BANEP,D,04/17/13,00:00,1210.0000000,8399
BANEP,D,04/18/13,00:00,1204.1000000,8723
BANEP,D,04/19/13,00:00,1260.0000000,11262
BANEP,D,04/22/13,00:00,1230.0000000,14366
BANEP,D,04/23/13,00:00,1234.9000000,1794
BANEP,D,04/24/13,00:00,1271.4000000,10252
BANEP,D,04/25/13,00:00,1273.0000000,13360
BANEP,D,04/26/13,00:00,1268.0000000,6781
BANEP,D,04/29/13,00:00,1236.7000000,3895
BANEP,D,04/30/13,00:00,1180.5000000,27133
BANEP,D,05/02/13,00:00,1065.0000000,34363
BANEP,D,05/03/13,00:00,1043.2000000,22819
BANEP,D,05/06/13,00:00,1031.9000000,28376
BANEP,D,05/07/13,00:00,1040.0000000,41915
BANEP,D,05/08/13,00:00,1040.0000000,35214
BANEP,D,05/10/13,00:00,1016.8000000,13481
BANEP,D,05/13/13,00:00,1017.0000000,16251
BANEP,D,05/14/13,00:00,1041.0000000,24687
BANEP,D,05/15/13,00:00,1039.0000000,29557
BANEP,D,05/16/13,00:00,1007.1000000,19976
BANEP,D,05/17/13,00:00,1040.0000000,17714
BANEP,D,05/20/13,00:00,1050.0000000,42607
BANEP,D,05/21/13,00:00,1063.0000000,14373
BANEP,D,05/22/13,00:00,1098.0000000,73412
BANEP,D,05/23/13,00:00,1025.4000000,46436
BANEP,D,05/24/13,00:00,1020.0000000,21424
BANEP,D,05/27/13,00:00,1030.7000000,6681
BANEP,D,05/28/13,00:00,1040.0000000,18164
BANEP,D,05/29/13,00:00,1038.0000000,38946
BANEP,D,05/30/13,00:00,1050.0000000,15241
BANEP,D,05/31/13,00:00,1047.3000000,15690
BANEP,D,06/03/13,00:00,1035.0000000,15732
BANEP,D,06/04/13,00:00,1045.0000000,33830
BANEP,D,06/05/13,00:00,1043.1000000,25447
BANEP,D,06/06/13,00:00,1030.0000000,17968
BANEP,D,06/07/13,00:00,1039.9000000,16407
BANEP,D,06/10/13,00:00,1055.0000000,9590
BANEP,D,06/11/13,00:00,1029.0000000,5663
BANEP,D,06/13/13,00:00,1006.0000000,13304
BANEP,D,06/14/13,00:00,1018.6000000,27725
BANEP,D,06/17/13,00:00,1033.0000000,66712
BANEP,D,06/18/13,00:00,1061.4000000,20489
BANEP,D,06/19/13,00:00,1065.0000000,7707
BANEP,D,06/20/13,00:00,1037.8000000,10571
BANEP,D,06/21/13,00:00,1035.3000000,5034
BANEP,D,06/24/13,00:00,1047.5000000,11751
BANEP,D,06/25/13,00:00,955.8000000,61546
BANEP,D,06/26/13,00:00,884.4000000,73932
BANEP,D,06/27/13,00:00,890.0000000,45117
BANEP,D,06/28/13,00:00,892.0000000,27629
BANEP,D,07/01/13,00:00,939.6000000,47386
BANEP,D,07/02/13,00:00,988.0000000,68862
BANEP,D,07/03/13,00:00,987.0000000,19334
BANEP,D,07/04/13,00:00,977.0000000,11881
BANEP,D,07/05/13,00:00,992.3000000,12509
BANEP,D,07/08/13,00:00,991.8000000,7177
BANEP,D,07/09/13,00:00,1000.0000000,8450
BANEP,D,07/10/13,00:00,999.9000000,3252
BANEP,D,07/11/13,00:00,1019.8000000,26554
BANEP,D,07/12/13,00:00,1052.0000000,34727
BANEP,D,07/15/13,00:00,1068.9000000,15936
BANEP,D,07/16/13,00:00,1090.0000000,12255
BANEP,D,07/17/13,00:00,1088.0000000,14605
BANEP,D,07/18/13,00:00,1064.6000000,12666
BANEP,D,07/19/13,00:00,1080.0000000,9078
BANEP,D,07/22/13,00:00,1090.0000000,8974
BANEP,D,07/23/13,00:00,1069.1000000,18967
BANEP,D,07/24/13,00:00,1070.1000000,3361
BANEP,D,07/25/13,00:00,1073.0000000,8784
BANEP,D,07/26/13,00:00,1079.3000000,3916
BANEP,D,07/29/13,00:00,1081.8000000,11769
BANEP,D,07/30/13,00:00,1089.9000000,19699
BANEP,D,07/31/13,00:00,1025.1000000,37075
BANEP,D,08/01/13,00:00,1090.0000000,20346
BANEP,D,08/02/13,00:00,1079.1000000,8723
BANEP,D,08/05/13,00:00,1079.9000000,2609
BANEP,D,08/06/13,00:00,1065.0000000,4238
BANEP,D,08/07/13,00:00,1079.0000000,5457
BANEP,D,08/08/13,00:00,1084.5000000,4083
BANEP,D,08/09/13,00:00,1079.9000000,13429
BANEP,D,08/12/13,00:00,1075.0000000,7847
BANEP,D,08/13/13,00:00,1075.0000000,7336
BANEP,D,08/14/13,00:00,1085.0000000,4465
BANEP,D,08/15/13,00:00,1073.1000000,6134
BANEP,D,08/16/13,00:00,1073.0000000,8287
BANEP,D,08/19/13,00:00,1090.0000000,12451
BANEP,D,08/20/13,00:00,1115.0000000,13578
BANEP,D,08/21/13,00:00,1175.8000000,29536
BANEP,D,08/22/13,00:00,1190.0000000,9385
BANEP,D,08/23/13,00:00,1187.0000000,2274
BANEP,D,08/26/13,00:00,1208.0000000,22243
BANEP,D,08/27/13,00:00,1220.0000000,13871
BANEP,D,08/28/13,00:00,1217.4000000,17329
BANEP,D,08/29/13,00:00,1220.9000000,16835
BANEP,D,08/30/13,00:00,1209.7000000,14009
BANEP,D,09/02/13,00:00,1203.0000000,10951
BANEP,D,09/03/13,00:00,1205.7000000,11311
BANEP,D,09/04/13,00:00,1210.6000000,6870
BANEP,D,09/05/13,00:00,1230.0000000,17088
BANEP,D,09/06/13,00:00,1223.6000000,11441
BANEP,D,09/09/13,00:00,1223.0000000,10025
BANEP,D,09/10/13,00:00,1223.1000000,12475
BANEP,D,09/11/13,00:00,1220.0000000,18705
BANEP,D,09/12/13,00:00,1220.2000000,12422
BANEP,D,09/13/13,00:00,1223.1000000,12441
BANEP,D,09/16/13,00:00,1240.0000000,63543
BANEP,D,09/17/13,00:00,1235.9000000,5425
BANEP,D,09/18/13,00:00,1220.0000000,19956
BANEP,D,09/19/13,00:00,1227.0000000,25384
BANEP,D,09/20/13,00:00,1225.0000000,10969
BANEP,D,09/23/13,00:00,1235.9000000,7947
BANEP,D,09/24/13,00:00,1247.7000000,7097
BANEP,D,09/25/13,00:00,1265.0000000,20961
BANEP,D,09/26/13,00:00,1270.0000000,9725
BANEP,D,09/27/13,00:00,1268.0000000,12280
BANEP,D,09/30/13,00:00,1258.7000000,10628
BANEP,D,10/01/13,00:00,1279.9000000,11291
BANEP,D,10/02/13,00:00,1260.0000000,11198
BANEP,D,10/03/13,00:00,1280.0000000,26084
BANEP,D,10/04/13,00:00,1314.5000000,35973
BANEP,D,10/07/13,00:00,1303.8000000,5491
BANEP,D,10/08/13,00:00,1318.0000000,9558
BANEP,D,10/09/13,00:00,1329.8000000,11681
BANEP,D,10/10/13,00:00,1349.0000000,13621
BANEP,D,10/11/13,00:00,1350.0000000,24982
BANEP,D,10/14/13,00:00,1358.0000000,11681
BANEP,D,10/15/13,00:00,1372.0000000,18098
BANEP,D,10/16/13,00:00,1369.8000000,14155
BANEP,D,10/17/13,00:00,1365.0000000,20324
BANEP,D,10/18/13,00:00,1385.0000000,23889
BANEP,D,10/21/13,00:00,1399.0000000,11929
BANEP,D,10/22/13,00:00,1405.0000000,25134
BANEP,D,10/23/13,00:00,1400.0000000,10549
BANEP,D,10/24/13,00:00,1418.3000000,8025
BANEP,D,10/25/13,00:00,1414.6000000,9151
BANEP,D,10/28/13,00:00,1419.6000000,7878
BANEP,D,10/29/13,00:00,1490.0000000,89860
BANEP,D,10/30/13,00:00,1471.0000000,58366
BANEP,D,10/31/13,00:00,1475.0000000,41558
BANEP,D,11/01/13,00:00,1283.0000000,74354
BANEP,D,11/05/13,00:00,1258.1000000,28779
BANEP,D,11/06/13,00:00,1246.7000000,29730
BANEP,D,11/07/13,00:00,1231.0000000,15558
BANEP,D,11/08/13,00:00,1227.0000000,14184
BANEP,D,11/11/13,00:00,1229.0000000,7574
BANEP,D,11/12/13,00:00,1248.9000000,32637
BANEP,D,11/13/13,00:00,1218.0000000,25240
BANEP,D,11/14/13,00:00,1271.9000000,27149
BANEP,D,11/15/13,00:00,1253.9000000,12255
BANEP,D,11/18/13,00:00,1263.1000000,6131
BANEP,D,11/19/13,00:00,1308.9000000,28368
BANEP,D,11/20/13,00:00,1304.4000000,14847
BANEP,D,11/21/13,00:00,1305.5000000,13820
BANEP,D,11/22/13,00:00,1343.8000000,38375
BANEP,D,11/25/13,00:00,1340.0000000,104220
BANEP,D,11/26/13,00:00,1369.7000000,149463
BANEP,D,11/27/13,00:00,1342.0000000,21977
BANEP,D,11/28/13,00:00,1357.0000000,10106
BANEP,D,11/29/13,00:00,1352.0000000,11820
BANEP,D,12/02/13,00:00,1315.6000000,7398
BANEP,D,12/03/13,00:00,1310.0000000,59452
BANEP,D,12/04/13,00:00,1310.0000000,28003
BANEP,D,12/05/13,00:00,1310.0000000,31546
BANEP,D,12/06/13,00:00,1315.1000000,7025
BANEP,D,12/09/13,00:00,1363.8000000,11053
BANEP,D,12/10/13,00:00,1354.7000000,26662
BANEP,D,12/11/13,00:00,1355.9000000,13936
BANEP,D,12/12/13,00:00,1356.0000000,14088
BANEP,D,12/13/13,00:00,1392.0000000,31453
BANEP,D,12/16/13,00:00,1437.9000000,35514
BANEP,D,12/17/13,00:00,1450.0000000,22813
BANEP,D,12/18/13,00:00,1427.0000000,55775
BANEP,D,12/19/13,00:00,1410.2000000,22907
BANEP,D,12/20/13,00:00,1390.1000000,26645
BANEP,D,12/23/13,00:00,1416.5000000,45453
BANEP,D,12/24/13,00:00,1408.4000000,8739
BANEP,D,12/25/13,00:00,1414.6000000,11170
BANEP,D,12/26/13,00:00,1410.3000000,7921
BANEP,D,12/27/13,00:00,1415.0000000,3774
BANEP,D,12/30/13,00:00,1430.1000000,22115
BANEP,D,01/06/14,00:00,1412.5000000,21678
BANEP,D,01/08/14,00:00,1417.0000000,16689
BANEP,D,01/09/14,00:00,1421.0000000,8996
BANEP,D,01/10/14,00:00,1433.8000000,35259
BANEP,D,01/13/14,00:00,1423.1000000,29947
BANEP,D,01/14/14,00:00,1427.1000000,36830
BANEP,D,01/15/14,00:00,1441.9000000,57121
BANEP,D,01/16/14,00:00,1443.6000000,20574
BANEP,D,01/17/14,00:00,1450.0000000,23047
BANEP,D,01/20/14,00:00,1463.9000000,37380
BANEP,D,01/21/14,00:00,1460.3000000,7984
BANEP,D,01/22/14,00:00,1445.0000000,29188
BANEP,D,01/23/14,00:00,1440.8000000,51287
BANEP,D,01/24/14,00:00,1440.0000000,11765
BANEP,D,01/27/14,00:00,1478.9000000,22918
BANEP,D,01/28/14,00:00,1468.5000000,19634
BANEP,D,01/29/14,00:00,1445.9000000,50039
BANEP,D,01/30/14,00:00,1467.0000000,30153
BANEP,D,01/31/14,00:00,1453.0000000,23613
BANEP,D,02/03/14,00:00,1443.0000000,14146
BANEP,D,02/04/14,00:00,1430.1000000,15423
BANEP,D,02/05/14,00:00,1453.1000000,9835
BANEP,D,02/06/14,00:00,1465.0000000,6831
BANEP,D,02/07/14,00:00,1473.4000000,9542
BANEP,D,02/10/14,00:00,1471.0000000,6584
BANEP,D,02/11/14,00:00,1460.3000000,6491
BANEP,D,02/12/14,00:00,1464.0000000,7047
BANEP,D,02/13/14,00:00,1457.0000000,10212
BANEP,D,02/14/14,00:00,1468.8000000,16260
BANEP,D,02/17/14,00:00,1472.1000000,9759
BANEP,D,02/18/14,00:00,1466.1000000,14188
BANEP,D,02/19/14,00:00,1450.5000000,20511
BANEP,D,02/20/14,00:00,1445.7000000,10561
BANEP,D,02/21/14,00:00,1446.8000000,19778
BANEP,D,02/24/14,00:00,1445.5000000,5724
BANEP,D,02/25/14,00:00,1429.3000000,24541
BANEP,D,02/26/14,00:00,1420.0000000,18232
BANEP,D,02/27/14,00:00,1419.7000000,26272
BANEP,D,02/28/14,00:00,1412.0000000,30502
BANEP,D,03/03/14,00:00,1328.5000000,37791
BANEP,D,03/04/14,00:00,1344.9000000,35876
BANEP,D,03/05/14,00:00,1365.0000000,7850
BANEP,D,03/06/14,00:00,1336.9000000,23412
BANEP,D,03/07/14,00:00,1350.0000000,51582
BANEP,D,03/11/14,00:00,1325.5000000,22402
BANEP,D,03/12/14,00:00,1320.9000000,19660
BANEP,D,03/13/14,00:00,1325.0000000,22312
BANEP,D,03/14/14,00:00,1251.4000000,19162
BANEP,D,03/17/14,00:00,1384.9000000,53379
BANEP,D,03/18/14,00:00,1338.2000000,27443
BANEP,D,03/19/14,00:00,1349.9000000,14125
BANEP,D,03/20/14,00:00,1389.9000000,17356
BANEP,D,03/21/14,00:00,1400.0000000,40090
BANEP,D,03/24/14,00:00,1385.2000000,9712
BANEP,D,03/25/14,00:00,1399.6000000,14160
BANEP,D,03/26/14,00:00,1427.7000000,14738
BANEP,D,03/27/14,00:00,1404.0000000,13960
BANEP,D,03/28/14,00:00,1401.6000000,7162
BANEP,D,03/31/14,00:00,1435.4000000,7347
BANEP,D,04/01/14,00:00,1415.0000000,18533
BANEP,D,04/02/14,00:00,1424.3000000,8391
BANEP,D,04/03/14,00:00,1425.1000000,50340
BANEP,D,04/04/14,00:00,1474.9000000,51122
BANEP,D,04/07/14,00:00,1430.0000000,72297
BANEP,D,04/08/14,00:00,1458.3000000,42934
BANEP,D,04/09/14,00:00,1460.0000000,12593
BANEP,D,04/10/14,00:00,1485.0000000,15822
BANEP,D,04/11/14,00:00,1482.0000000,8562
BANEP,D,04/14/14,00:00,1464.1000000,14097
BANEP,D,04/15/14,00:00,1422.5000000,22368
BANEP,D,04/16/14,00:00,1479.0000000,18716
BANEP,D,04/17/14,00:00,1487.1000000,18531
BANEP,D,04/18/14,00:00,1539.0000000,11055
BANEP,D,04/21/14,00:00,1551.4000000,13019
BANEP,D,05/06/14,00:00,1525.0000000,40821
BANEP,D,05/07/14,00:00,1553.7000000,38888
BANEP,D,05/08/14,00:00,1545.0000000,13548
BANEP,D,05/12/14,00:00,1515.6000000,8630
BANEP,D,05/13/14,00:00,1510.5000000,19169
BANEP,D,05/14/14,00:00,1540.0000000,30293
BANEP,D,05/15/14,00:00,1533.6000000,21364
BANEP,D,05/16/14,00:00,1534.7000000,10505
BANEP,D,05/19/14,00:00,1540.0000000,28761
BANEP,D,05/20/14,00:00,1540.0000000,34160
BANEP,D,05/21/14,00:00,1555.0000000,17234
BANEP,D,05/22/14,00:00,1551.0000000,13404
BANEP,D,05/23/14,00:00,1554.5000000,21602
BANEP,D,05/26/14,00:00,1570.0000000,21598
BANEP,D,05/27/14,00:00,1597.0000000,20703
BANEP,D,05/28/14,00:00,1631.0000000,22120
BANEP,D,05/29/14,00:00,1647.2000000,21169
BANEP,D,05/30/14,00:00,1680.0000000,25326
BANEP,D,06/02/14,00:00,1715.0000000,22129
BANEP,D,06/03/14,00:00,1737.6000000,15973
BANEP,D,06/04/14,00:00,1773.0000000,19336
BANEP,D,06/05/14,00:00,1815.0000000,53232
BANEP,D,06/06/14,00:00,1817.9000000,31132
BANEP,D,06/09/14,00:00,1835.3000000,20364
BANEP,D,06/10/14,00:00,1833.0000000,17660
BANEP,D,06/11/14,00:00,1833.2000000,23064
BANEP,D,06/16/14,00:00,1848.1000000,86103
BANEP,D,06/17/14,00:00,1832.0000000,52039
BANEP,D,06/18/14,00:00,1831.0000000,47665
BANEP,D,06/19/14,00:00,1829.4000000,86456
BANEP,D,06/20/14,00:00,1654.0000000,43983
BANEP,D,06/23/14,00:00,1632.4000000,12760
BANEP,D,06/24/14,00:00,1674.7000000,38931
BANEP,D,06/25/14,00:00,1676.5000000,21022
BANEP,D,06/26/14,00:00,1666.7000000,21442
BANEP,D,06/27/14,00:00,1651.1000000,42798
BANEP,D,06/30/14,00:00,1632.2000000,16600
BANEP,D,07/01/14,00:00,1626.1000000,8588
BANEP,D,07/02/14,00:00,1686.9000000,31758
BANEP,D,07/03/14,00:00,1695.0000000,23365
BANEP,D,07/04/14,00:00,1709.0000000,34991
BANEP,D,07/07/14,00:00,1770.0000000,27899
BANEP,D,07/08/14,00:00,1826.0000000,31424
BANEP,D,07/09/14,00:00,1810.0000000,31033
BANEP,D,07/10/14,00:00,1825.1000000,30471
BANEP,D,07/11/14,00:00,1830.0000000,11502
BANEP,D,07/14/14,00:00,1794.9000000,13965
BANEP,D,07/15/14,00:00,1769.3000000,46791
BANEP,D,07/16/14,00:00,1745.0000000,43647
BANEP,D,07/17/14,00:00,1684.0000000,71466
BANEP,D,07/18/14,00:00,1660.0000000,62881
BANEP,D,07/21/14,00:00,1575.0000000,47346
BANEP,D,07/22/14,00:00,1634.8000000,43115
BANEP,D,07/23/14,00:00,1600.0000000,52587
BANEP,D,07/24/14,00:00,1563.8000000,17141
BANEP,D,07/25/14,00:00,1540.0000000,25631
BANEP,D,07/28/14,00:00,1408.0000000,52735
BANEP,D,07/29/14,00:00,1410.0000000,47923
BANEP,D,07/30/14,00:00,1448.7000000,35951
BANEP,D,07/31/14,00:00,1487.0000000,12657
BANEP,D,08/01/14,00:00,1465.0000000,23070
BANEP,D,08/04/14,00:00,1498.0000000,14577
BANEP,D,08/05/14,00:00,1475.0000000,7570
BANEP,D,08/06/14,00:00,1374.5000000,41988
BANEP,D,08/07/14,00:00,1410.1000000,68244
BANEP,D,08/08/14,00:00,1414.9000000,9790
BANEP,D,08/11/14,00:00,1424.0000000,7270
BANEP,D,08/12/14,00:00,1450.0000000,9712
BANEP,D,08/13/14,00:00,1466.0000000,15913
BANEP,D,08/14/14,00:00,1524.0000000,11058
BANEP,D,08/15/14,00:00,1541.0000000,9645
BANEP,D,08/18/14,00:00,1545.0000000,14889
BANEP,D,08/19/14,00:00,1544.0000000,8113
BANEP,D,08/20/14,00:00,1512.4000000,13607
BANEP,D,08/21/14,00:00,1559.2000000,22652
BANEP,D,08/22/14,00:00,1548.2000000,24638
BANEP,D,08/25/14,00:00,1520.0000000,32176
BANEP,D,08/26/14,00:00,1503.6000000,11425
BANEP,D,08/27/14,00:00,1480.0000000,22016
BANEP,D,08/28/14,00:00,1441.0000000,13643
BANEP,D,08/29/14,00:00,1430.8000000,6617
BANEP,D,09/01/14,00:00,1375.0000000,71732
BANEP,D,09/02/14,00:00,1375.0000000,7536
BANEP,D,09/03/14,00:00,1392.2000000,28144
BANEP,D,09/04/14,00:00,1365.2000000,15150
BANEP,D,09/05/14,00:00,1345.0000000,24531
BANEP,D,09/08/14,00:00,1350.0000000,109130
BANEP,D,09/09/14,00:00,1379.9000000,32241
BANEP,D,09/10/14,00:00,1380.0000000,10514
BANEP,D,09/11/14,00:00,1367.3000000,17833
BANEP,D,09/12/14,00:00,1361.1000000,37295
BANEP,D,09/15/14,00:00,1318.0000000,54279
BANEP,D,09/16/14,00:00,1321.5000000,21130
BANEP,D,09/17/14,00:00,1060.0000000,390927
BANEP,D,09/18/14,00:00,1035.0000000,90891
BANEP,D,09/19/14,00:00,977.0000000,321054
BANEP,D,09/22/14,00:00,946.2000000,56905
BANEP,D,09/23/14,00:00,951.7000000,59671
BANEP,D,09/24/14,00:00,969.7000000,71858
BANEP,D,09/25/14,00:00,921.1000000,84184
BANEP,D,09/26/14,00:00,808.0000000,202895
BANEP,D,09/29/14,00:00,761.3000000,170123
BANEP,D,09/30/14,00:00,795.2000000,79863
BANEP,D,10/01/14,00:00,796.0000000,118199
BANEP,D,10/02/14,00:00,796.0000000,67177
BANEP,D,10/03/14,00:00,800.0000000,42449
BANEP,D,10/06/14,00:00,804.0000000,31118
BANEP,D,10/07/14,00:00,795.0000000,22419
BANEP,D,10/08/14,00:00,790.0000000,20227
BANEP,D,10/09/14,00:00,762.0000000,37297
BANEP,D,10/10/14,00:00,735.0000000,45323
BANEP,D,10/13/14,00:00,752.0000000,36154
BANEP,D,10/14/14,00:00,754.0000000,39845
BANEP,D,10/15/14,00:00,727.0000000,22903
BANEP,D,10/16/14,00:00,699.0000000,40154
BANEP,D,10/17/14,00:00,724.0000000,15715
BANEP,D,10/20/14,00:00,714.0000000,33567
BANEP,D,10/21/14,00:00,722.0000000,47543
BANEP,D,10/22/14,00:00,710.0000000,42362
BANEP,D,10/23/14,00:00,695.0000000,34423
BANEP,D,10/24/14,00:00,683.0000000,20274
BANEP,D,10/27/14,00:00,724.0000000,39770
BANEP,D,10/28/14,00:00,761.0000000,106347
BANEP,D,10/29/14,00:00,768.0000000,50776
BANEP,D,10/30/14,00:00,815.0000000,207988
BANEP,D,10/31/14,00:00,917.0000000,228790
BANEP,D,11/03/14,00:00,959.0000000,98177
BANEP,D,11/05/14,00:00,933.0000000,85644
BANEP,D,11/06/14,00:00,902.0000000,69573
BANEP,D,11/07/14,00:00,887.0000000,61977
BANEP,D,11/10/14,00:00,942.0000000,57066
BANEP,D,11/11/14,00:00,936.0000000,31068
BANEP,D,11/12/14,00:00,937.0000000,38253
BANEP,D,11/13/14,00:00,929.0000000,41804
BANEP,D,11/14/14,00:00,928.0000000,45756
BANEP,D,11/17/14,00:00,929.0000000,12714
BANEP,D,11/18/14,00:00,936.0000000,36861
BANEP,D,11/19/14,00:00,931.0000000,57472
BANEP,D,11/20/14,00:00,944.0000000,24904
BANEP,D,11/21/14,00:00,941.0000000,14578
BANEP,D,11/24/14,00:00,930.0000000,31504
BANEP,D,11/25/14,00:00,908.0000000,49971
BANEP,D,11/26/14,00:00,888.0000000,39312
BANEP,D,11/27/14,00:00,876.0000000,30786
BANEP,D,11/28/14,00:00,850.0000000,52988
BANEP,D,12/01/14,00:00,848.0000000,52107
BANEP,D,12/02/14,00:00,857.0000000,38751
BANEP,D,12/03/14,00:00,856.0000000,51732
BANEP,D,12/04/14,00:00,858.0000000,18265
BANEP,D,12/05/14,00:00,838.0000000,37419
BANEP,D,12/08/14,00:00,790.0000000,47920
BANEP,D,12/09/14,00:00,755.0000000,34364
BANEP,D,12/10/14,00:00,807.0000000,66367
BANEP,D,12/11/14,00:00,823.0000000,111255
BANEP,D,12/12/14,00:00,997.0000000,217706
BANEP,D,12/15/14,00:00,936.0000000,214185
BANEP,D,12/16/14,00:00,864.0000000,271492
BANEP,D,12/17/14,00:00,894.0000000,81855
BANEP,D,12/18/14,00:00,901.0000000,92004
BANEP,D,12/19/14,00:00,900.0000000,50013
BANEP,D,12/22/14,00:00,860.0000000,79800
BANEP,D,12/23/14,00:00,904.0000000,61296
BANEP,D,12/24/14,00:00,930.0000000,212431
BANEP,D,12/25/14,00:00,936.0000000,91336
BANEP,D,12/26/14,00:00,940.0000000,36009
BANEP,D,12/29/14,00:00,911.0000000,59491
BANEP,D,12/30/14,00:00,922.0000000,71689
BANEP,D,01/05/15,00:00,935.0000000,16014
BANEP,D,01/06/15,00:00,926.0000000,9201
BANEP,D,01/08/15,00:00,956.0000000,74265
BANEP,D,01/09/15,00:00,938.0000000,47925
BANEP,D,01/12/15,00:00,935.0000000,21277
BANEP,D,01/13/15,00:00,929.0000000,42787
BANEP,D,01/14/15,00:00,940.0000000,33046
BANEP,D,01/15/15,00:00,969.0000000,141517
BANEP,D,01/16/15,00:00,986.0000000,116276
BANEP,D,01/19/15,00:00,1025.0000000,185340
BANEP,D,01/20/15,00:00,1030.0000000,55924
BANEP,D,01/21/15,00:00,1064.0000000,61231
BANEP,D,01/22/15,00:00,1143.0000000,134489
BANEP,D,01/23/15,00:00,1152.0000000,126222
BANEP,D,01/26/15,00:00,1109.0000000,132827
BANEP,D,01/27/15,00:00,1123.0000000,82350
BANEP,D,01/28/15,00:00,1140.0000000,78219
BANEP,D,01/29/15,00:00,1133.0000000,29407
BANEP,D,01/30/15,00:00,1238.0000000,112780
BANEP,D,02/02/15,00:00,1215.0000000,108977
BANEP,D,02/03/15,00:00,1262.0000000,61871
BANEP,D,02/04/15,00:00,1280.0000000,119914
BANEP,D,02/05/15,00:00,1256.0000000,129117
BANEP,D,02/06/15,00:00,1255.0000000,128441
BANEP,D,02/09/15,00:00,1250.0000000,103640
BANEP,D,02/10/15,00:00,1265.0000000,41163
BANEP,D,02/11/15,00:00,1265.0000000,51704
BANEP,D,02/12/15,00:00,1272.0000000,27622
BANEP,D,02/13/15,00:00,1296.0000000,67342
BANEP,D,02/16/15,00:00,1296.0000000,31922
BANEP,D,02/17/15,00:00,1261.0000000,38284
BANEP,D,02/18/15,00:00,1249.0000000,18663
BANEP,D,02/19/15,00:00,1227.0000000,26815
BANEP,D,02/20/15,00:00,1240.0000000,10420
BANEP,D,02/24/15,00:00,1222.0000000,10471
BANEP,D,02/25/15,00:00,1209.0000000,17753
BANEP,D,02/26/15,00:00,1242.0000000,41240
BANEP,D,02/27/15,00:00,1245.0000000,51984
BANEP,D,03/02/15,00:00,1235.0000000,16890
BANEP,D,03/03/15,00:00,1249.0000000,17493
BANEP,D,03/04/15,00:00,1229.0000000,24636
BANEP,D,03/05/15,00:00,1287.0000000,65954
BANEP,D,03/06/15,00:00,1294.0000000,39223
BANEP,D,03/10/15,00:00,1270.0000000,25498
BANEP,D,03/11/15,00:00,1247.0000000,76155
BANEP,D,03/12/15,00:00,1255.0000000,54748
BANEP,D,03/13/15,00:00,1240.0000000,59122
BANEP,D,03/16/15,00:00,1239.0000000,30031
BANEP,D,03/17/15,00:00,1250.0000000,18780
BANEP,D,03/18/15,00:00,1314.0000000,48291
BANEP,D,03/19/15,00:00,1290.0000000,44757
BANEP,D,03/20/15,00:00,1383.0000000,228770
BANEP,D,03/23/15,00:00,1356.0000000,57874
BANEP,D,03/24/15,00:00,1319.0000000,11982
BANEP,D,03/25/15,00:00,1274.0000000,47552
BANEP,D,03/26/15,00:00,1340.0000000,142344
BANEP,D,03/27/15,00:00,1316.0000000,69082
BANEP,D,03/30/15,00:00,1330.0000000,65217
BANEP,D,03/31/15,00:00,1340.0000000,48034
BANEP,D,04/01/15,00:00,1358.0000000,17989
BANEP,D,04/02/15,00:00,1344.0000000,26971
BANEP,D,04/03/15,00:00,1313.0000000,18573
BANEP,D,04/06/15,00:00,1326.0000000,15789
BANEP,D,04/07/15,00:00,1357.0000000,32784
BANEP,D,04/08/15,00:00,1338.0000000,70473
BANEP,D,04/09/15,00:00,1332.0000000,69202
BANEP,D,04/10/15,00:00,1342.0000000,39037
BANEP,D,04/13/15,00:00,1379.0000000,49661
BANEP,D,04/14/15,00:00,1415.0000000,50669
BANEP,D,04/15/15,00:00,1460.0000000,105607
BANEP,D,04/16/15,00:00,1452.0000000,32417
BANEP,D,04/17/15,00:00,1440.0000000,62847
BANEP,D,04/20/15,00:00,1503.0000000,128308
BANEP,D,04/21/15,00:00,1520.0000000,71202
BANEP,D,04/22/15,00:00,1521.0000000,18292
BANEP,D,04/23/15,00:00,1525.0000000,95948
BANEP,D,04/24/15,00:00,1532.0000000,36326
BANEP,D,04/27/15,00:00,1506.0000000,14895
BANEP,D,04/28/15,00:00,1540.0000000,36737
BANEP,D,04/29/15,00:00,1592.0000000,67056
BANEP,D,04/30/15,00:00,1708.0000000,56987
BANEP,D,05/05/15,00:00,1727.0000000,56592
BANEP,D,05/06/15,00:00,1687.0000000,82692
BANEP,D,05/07/15,00:00,1620.0000000,44974
BANEP,D,05/08/15,00:00,1669.0000000,11196
BANEP,D,05/12/15,00:00,1680.0000000,11122
BANEP,D,05/13/15,00:00,1641.0000000,5363
BANEP,D,05/14/15,00:00,1605.0000000,11640
BANEP,D,05/15/15,00:00,1590.0000000,9986
BANEP,D,05/18/15,00:00,1556.0000000,14356
BANEP,D,05/19/15,00:00,1525.0000000,22844
BANEP,D,05/20/15,00:00,1476.0000000,40358
BANEP,D,05/21/15,00:00,1489.0000000,15487
BANEP,D,05/22/15,00:00,1496.0000000,10237
BANEP,D,05/25/15,00:00,1530.0000000,10552
BANEP,D,05/26/15,00:00,1521.0000000,5373
BANEP,D,05/27/15,00:00,1528.0000000,8560
BANEP,D,05/28/15,00:00,1513.0000000,14493
BANEP,D,05/29/15,00:00,1513.0000000,8016
BANEP,D,06/01/15,00:00,1532.0000000,7622
BANEP,D,06/02/15,00:00,1550.0000000,23019
BANEP,D,06/03/15,00:00,1555.0000000,15648
BANEP,D,06/04/15,00:00,1516.0000000,15460
BANEP,D,06/05/15,00:00,1510.0000000,7172
BANEP,D,06/08/15,00:00,1487.0000000,7103
BANEP,D,06/09/15,00:00,1469.0000000,20332
BANEP,D,06/10/15,00:00,1428.0000000,19403
BANEP,D,06/11/15,00:00,1434.0000000,10886
BANEP,D,06/15/15,00:00,1425.0000000,17070
BANEP,D,06/16/15,00:00,1439.0000000,11701
BANEP,D,06/17/15,00:00,1450.0000000,41429
BANEP,D,06/18/15,00:00,1475.0000000,19397
BANEP,D,06/19/15,00:00,1445.0000000,29400
BANEP,D,06/22/15,00:00,1451.0000000,11964
BANEP,D,06/23/15,00:00,1435.0000000,5968
BANEP,D,06/24/15,00:00,1406.0000000,30786
BANEP,D,06/25/15,00:00,1372.0000000,30349
BANEP,D,06/26/15,00:00,1415.0000000,20948
BANEP,D,06/29/15,00:00,1404.0000000,27687
BANEP,D,06/30/15,00:00,1429.0000000,16584
BANEP,D,07/01/15,00:00,1400.0000000,14180
BANEP,D,07/02/15,00:00,1400.0000000,8191
BANEP,D,07/03/15,00:00,1395.0000000,7050
BANEP,D,07/06/15,00:00,1394.0000000,19156
BANEP,D,07/07/15,00:00,1370.0000000,32077
BANEP,D,07/08/15,00:00,1354.0000000,29369
BANEP,D,07/09/15,00:00,1380.0000000,9015
BANEP,D,07/10/15,00:00,1358.0000000,14504
BANEP,D,07/13/15,00:00,1364.0000000,23001
BANEP,D,07/14/15,00:00,1337.0000000,27068
BANEP,D,07/15/15,00:00,1370.0000000,101902
BANEP,D,07/16/15,00:00,1304.0000000,71062
BANEP,D,07/17/15,00:00,1297.0000000,20917
BANEP,D,07/20/15,00:00,1290.0000000,29380
BANEP,D,07/21/15,00:00,1298.0000000,11679
BANEP,D,07/22/15,00:00,1297.0000000,18919
BANEP,D,07/23/15,00:00,1321.0000000,35717
BANEP,D,07/24/15,00:00,1315.0000000,45494
BANEP,D,07/27/15,00:00,1323.0000000,44540
BANEP,D,07/28/15,00:00,1322.0000000,17989
BANEP,D,07/29/15,00:00,1325.0000000,7240
BANEP,D,07/30/15,00:00,1353.0000000,26223
BANEP,D,07/31/15,00:00,1342.0000000,12561
BANEP,D,08/03/15,00:00,1354.0000000,15176
BANEP,D,08/04/15,00:00,1360.0000000,22182
BANEP,D,08/05/15,00:00,1358.0000000,11291
BANEP,D,08/06/15,00:00,1365.0000000,13299
BANEP,D,08/07/15,00:00,1369.0000000,10764
BANEP,D,08/10/15,00:00,1355.0000000,20542
BANEP,D,08/11/15,00:00,1368.0000000,24250
BANEP,D,08/12/15,00:00,1364.0000000,13859
BANEP,D,08/13/15,00:00,1365.0000000,18235
BANEP,D,08/14/15,00:00,1370.0000000,14792
BANEP,D,08/17/15,00:00,1371.0000000,7534
BANEP,D,08/18/15,00:00,1372.0000000,13564
BANEP,D,08/19/15,00:00,1350.0000000,16503
BANEP,D,08/20/15,00:00,1352.0000000,20118
BANEP,D,08/21/15,00:00,1350.0000000,20203
BANEP,D,08/24/15,00:00,1294.0000000,115671
BANEP,D,08/25/15,00:00,1303.0000000,28525
BANEP,D,08/26/15,00:00,1289.0000000,28919
BANEP,D,08/27/15,00:00,1324.0000000,25193
BANEP,D,08/28/15,00:00,1357.0000000,33629
BANEP,D,08/31/15,00:00,1359.0000000,12009
BANEP,D,09/01/15,00:00,1356.0000000,12302
BANEP,D,09/02/15,00:00,1365.0000000,43104
BANEP,D,09/03/15,00:00,1425.0000000,77472
BANEP,D,09/04/15,00:00,1405.0000000,17746
BANEP,D,09/07/15,00:00,1402.0000000,12872
BANEP,D,09/08/15,00:00,1409.0000000,9350
BANEP,D,09/09/15,00:00,1411.0000000,11418
BANEP,D,09/10/15,00:00,1439.0000000,22957
BANEP,D,09/11/15,00:00,1470.0000000,51231
BANEP,D,09/14/15,00:00,1475.0000000,26396
BANEP,D,09/15/15,00:00,1491.0000000,41192
BANEP,D,09/16/15,00:00,1476.0000000,71354
BANEP,D,09/17/15,00:00,1430.0000000,48162
BANEP,D,09/18/15,00:00,1520.0000000,380338
BANEP,D,09/21/15,00:00,1460.0000000,47735
BANEP,D,09/22/15,00:00,1462.0000000,28390
BANEP,D,09/23/15,00:00,1460.0000000,26224
BANEP,D,09/24/15,00:00,1455.0000000,35103
BANEP,D,09/25/15,00:00,1455.0000000,10567
BANEP,D,09/28/15,00:00,1443.0000000,13242
BANEP,D,09/29/15,00:00,1447.0000000,17012
BANEP,D,09/30/15,00:00,1435.0000000,9631
BANEP,D,10/01/15,00:00,1430.0000000,10962
BANEP,D,10/02/15,00:00,1449.0000000,37768
BANEP,D,10/05/15,00:00,1472.0000000,22504
BANEP,D,10/06/15,00:00,1499.0000000,18652
BANEP,D,10/07/15,00:00,1488.0000000,7198
BANEP,D,10/08/15,00:00,1475.0000000,4540
BANEP,D,10/09/15,00:00,1474.0000000,20939
BANEP,D,10/12/15,00:00,1485.0000000,5203
BANEP,D,10/13/15,00:00,1499.0000000,11100
BANEP,D,10/14/15,00:00,1508.0000000,8355
BANEP,D,10/15/15,00:00,1510.0000000,10126
BANEP,D,10/16/15,00:00,1496.0000000,9400
BANEP,D,10/19/15,00:00,1504.0000000,10263
BANEP,D,10/20/15,00:00,1505.0000000,5030
BANEP,D,10/21/15,00:00,1524.0000000,9947
BANEP,D,10/22/15,00:00,1521.0000000,3880
BANEP,D,10/23/15,00:00,1549.0000000,22416
BANEP,D,10/26/15,00:00,1563.0000000,7340
BANEP,D,10/27/15,00:00,1598.0000000,11286
BANEP,D,10/28/15,00:00,1599.0000000,10432
BANEP,D,10/29/15,00:00,1594.0000000,6288
BANEP,D,10/30/15,00:00,1591.0000000,13607
BANEP,D,11/02/15,00:00,1610.5000000,7168
BANEP,D,11/03/15,00:00,1632.5000000,7558
BANEP,D,11/05/15,00:00,1640.0000000,9909
BANEP,D,11/06/15,00:00,1649.0000000,13464
BANEP,D,11/09/15,00:00,1678.0000000,12671
BANEP,D,11/10/15,00:00,1655.5000000,13835
BANEP,D,11/11/15,00:00,1626.5000000,9872
BANEP,D,11/12/15,00:00,1625.5000000,11476
BANEP,D,11/13/15,00:00,1622.0000000,10915
BANEP,D,11/16/15,00:00,1650.0000000,8437
BANEP,D,11/17/15,00:00,1633.0000000,59639
BANEP,D,11/18/15,00:00,1654.0000000,25652
BANEP,D,11/19/15,00:00,1655.0000000,11883
BANEP,D,11/20/15,00:00,1650.0000000,21968
BANEP,D,11/23/15,00:00,1672.5000000,12597
BANEP,D,11/24/15,00:00,1669.5000000,14944
BANEP,D,11/25/15,00:00,1740.0000000,28585
BANEP,D,11/26/15,00:00,1735.5000000,31740
BANEP,D,11/27/15,00:00,1688.0000000,15378
BANEP,D,11/30/15,00:00,1686.0000000,11336
BANEP,D,12/01/15,00:00,1708.0000000,8351
BANEP,D,12/02/15,00:00,1728.5000000,4295
BANEP,D,12/03/15,00:00,1768.5000000,37794
BANEP,D,12/04/15,00:00,1799.0000000,24539
BANEP,D,12/07/15,00:00,1849.5000000,56195
BANEP,D,12/08/15,00:00,1803.0000000,127501
BANEP,D,12/09/15,00:00,1850.0000000,51533
BANEP,D,12/10/15,00:00,1872.5000000,44263
BANEP,D,12/11/15,00:00,1815.0000000,8342
BANEP,D,12/14/15,00:00,1748.5000000,17925
BANEP,D,12/15/15,00:00,1750.5000000,7210
BANEP,D,12/16/15,00:00,1759.0000000,32633
BANEP,D,12/17/15,00:00,1747.0000000,8807
BANEP,D,12/18/15,00:00,1740.0000000,23206
BANEP,D,12/21/15,00:00,1741.0000000,37188
BANEP,D,12/22/15,00:00,1731.0000000,14322
BANEP,D,12/23/15,00:00,1750.0000000,7238
BANEP,D,12/24/15,00:00,1745.0000000,9165
BANEP,D,12/25/15,00:00,1730.5000000,20562
BANEP,D,12/28/15,00:00,1714.0000000,17378
BANEP,D,12/29/15,00:00,1716.0000000,13012
BANEP,D,12/30/15,00:00,1715.0000000,9896
BANEP,D,01/04/16,00:00,1722.5000000,2911
BANEP,D,01/05/16,00:00,1727.0000000,12498
BANEP,D,01/06/16,00:00,1745.0000000,12593
BANEP,D,01/11/16,00:00,1724.0000000,6155
BANEP,D,01/12/16,00:00,1706.5000000,5706
BANEP,D,01/13/16,00:00,1693.0000000,16077
BANEP,D,01/14/16,00:00,1671.0000000,9103
BANEP,D,01/15/16,00:00,1670.0000000,49676
BANEP,D,01/18/16,00:00,1700.0000000,16256
BANEP,D,01/19/16,00:00,1722.0000000,7194
BANEP,D,01/20/16,00:00,1679.5000000,19271
BANEP,D,01/21/16,00:00,1707.0000000,7711
BANEP,D,01/22/16,00:00,1720.0000000,13733
BANEP,D,01/25/16,00:00,1690.0000000,5045
BANEP,D,01/26/16,00:00,1707.0000000,8174
BANEP,D,01/27/16,00:00,1735.0000000,5403
BANEP,D,01/28/16,00:00,1756.5000000,7263
BANEP,D,01/29/16,00:00,1730.0000000,35460
BANEP,D,02/01/16,00:00,1772.0000000,13108
BANEP,D,02/02/16,00:00,1757.0000000,45286
BANEP,D,02/03/16,00:00,1765.5000000,6576
BANEP,D,02/04/16,00:00,1795.0000000,34422
BANEP,D,02/05/16,00:00,1797.0000000,18924
BANEP,D,02/08/16,00:00,1802.0000000,12824
BANEP,D,02/09/16,00:00,1772.0000000,4417
BANEP,D,02/10/16,00:00,1779.5000000,31115
BANEP,D,02/11/16,00:00,1763.0000000,6047
BANEP,D,02/12/16,00:00,1820.0000000,37472
BANEP,D,02/15/16,00:00,1875.0000000,41384
BANEP,D,02/16/16,00:00,1889.0000000,18656
BANEP,D,02/17/16,00:00,1947.0000000,23193
BANEP,D,02/18/16,00:00,1957.0000000,46119
BANEP,D,02/19/16,00:00,1880.0000000,112027
BANEP,D,02/20/16,00:00,1857.0000000,16235
BANEP,D,02/22/16,00:00,1806.0000000,7568
BANEP,D,02/24/16,00:00,1811.0000000,28982
BANEP,D,02/25/16,00:00,1798.5000000,49253
BANEP,D,02/26/16,00:00,1822.0000000,45640
BANEP,D,02/29/16,00:00,1853.5000000,36236
BANEP,D,03/01/16,00:00,1874.5000000,20933
BANEP,D,03/02/16,00:00,1839.0000000,8132
BANEP,D,03/03/16,00:00,1858.0000000,12965
BANEP,D,03/04/16,00:00,1870.0000000,11417
BANEP,D,03/07/16,00:00,1871.5000000,6754
BANEP,D,03/09/16,00:00,1849.5000000,15521
BANEP,D,03/10/16,00:00,1920.5000000,129572
BANEP,D,03/11/16,00:00,1903.0000000,50088
BANEP,D,03/14/16,00:00,1923.0000000,40686
BANEP,D,03/15/16,00:00,1899.5000000,60653
BANEP,D,03/16/16,00:00,1881.0000000,5334
BANEP,D,03/17/16,00:00,1884.5000000,9905
BANEP,D,03/18/16,00:00,1920.0000000,46496
BANEP,D,03/21/16,00:00,1900.0000000,13278
BANEP,D,03/22/16,00:00,1888.5000000,15119
BANEP,D,03/23/16,00:00,1873.0000000,2475
BANEP,D,03/24/16,00:00,1840.0000000,17068
BANEP,D,03/25/16,00:00,1825.0000000,3899
BANEP,D,03/28/16,00:00,1824.0000000,5947
BANEP,D,03/29/16,00:00,1819.0000000,4119
BANEP,D,03/30/16,00:00,1829.5000000,9499
BANEP,D,03/31/16,00:00,1852.5000000,52000
BANEP,D,04/01/16,00:00,1815.0000000,10864
BANEP,D,04/04/16,00:00,1813.0000000,4680
BANEP,D,04/05/16,00:00,1822.0000000,11683
BANEP,D,04/06/16,00:00,1825.5000000,3669
BANEP,D,04/07/16,00:00,1848.5000000,5769
BANEP,D,04/08/16,00:00,1829.0000000,4640
BANEP,D,04/11/16,00:00,1865.0000000,5441
BANEP,D,04/12/16,00:00,1870.0000000,17281
BANEP,D,04/13/16,00:00,1884.0000000,40221
BANEP,D,04/14/16,00:00,1899.0000000,49519
BANEP,D,04/15/16,00:00,1885.5000000,39683
BANEP,D,04/18/16,00:00,1862.0000000,22844
BANEP,D,04/19/16,00:00,1890.0000000,20010
BANEP,D,04/20/16,00:00,1914.0000000,14541
BANEP,D,04/21/16,00:00,1923.5000000,30397
BANEP,D,04/22/16,00:00,1929.5000000,46616
BANEP,D,04/25/16,00:00,1940.0000000,27453
BANEP,D,04/26/16,00:00,1925.0000000,11536
BANEP,D,04/27/16,00:00,1897.0000000,13364
BANEP,D,04/28/16,00:00,1909.5000000,6380
BANEP,D,04/29/16,00:00,1860.0000000,29762
BANEP,D,05/04/16,00:00,1983.0000000,47539
BANEP,D,05/05/16,00:00,1941.5000000,20140
BANEP,D,05/06/16,00:00,1987.5000000,8120
BANEP,D,05/10/16,00:00,1954.5000000,20874
BANEP,D,05/11/16,00:00,1925.0000000,9893
BANEP,D,05/12/16,00:00,1934.5000000,12550
BANEP,D,05/13/16,00:00,1936.0000000,16420
BANEP,D,05/16/16,00:00,1960.0000000,17612
BANEP,D,05/17/16,00:00,2013.0000000,29492
BANEP,D,05/18/16,00:00,2104.5000000,59341
BANEP,D,05/19/16,00:00,2070.0000000,75767
BANEP,D,05/20/16,00:00,2002.0000000,42212
BANEP,D,05/23/16,00:00,2008.5000000,18971
BANEP,D,05/24/16,00:00,2012.5000000,31532
BANEP,D,05/25/16,00:00,2006.5000000,16885
BANEP,D,05/26/16,00:00,1995.0000000,35205
BANEP,D,05/27/16,00:00,2007.5000000,15388
BANEP,D,05/30/16,00:00,2025.5000000,16788
BANEP,D,05/31/16,00:00,2049.0000000,10235
BANEP,D,06/01/16,00:00,2040.0000000,21419
BANEP,D,06/02/16,00:00,2025.0000000,13720
BANEP,D,06/03/16,00:00,2020.0000000,29130
BANEP,D,06/06/16,00:00,2030.0000000,2380
BANEP,D,06/07/16,00:00,2017.5000000,7343
BANEP,D,06/08/16,00:00,2024.0000000,3270
BANEP,D,06/09/16,00:00,2000.0000000,11859
BANEP,D,06/10/16,00:00,1986.0000000,6437
BANEP,D,06/14/16,00:00,1951.0000000,5708
BANEP,D,06/15/16,00:00,1931.0000000,18056
BANEP,D,06/16/16,00:00,1930.0000000,30350
BANEP,D,06/17/16,00:00,1882.0000000,97962
BANEP,D,06/20/16,00:00,1923.5000000,28496
BANEP,D,06/21/16,00:00,1900.0000000,7082
BANEP,D,06/22/16,00:00,1910.0000000,3876
BANEP,D,06/23/16,00:00,1904.0000000,6353
BANEP,D,06/24/16,00:00,1865.0000000,33957
BANEP,D,06/27/16,00:00,1845.0000000,13206
BANEP,D,06/28/16,00:00,1866.0000000,6739
BANEP,D,06/29/16,00:00,1900.0000000,9332
BANEP,D,06/30/16,00:00,1901.5000000,14818
BANEP,D,07/01/16,00:00,1900.0000000,3918
BANEP,D,07/04/16,00:00,1906.0000000,7135
BANEP,D,07/05/16,00:00,1899.0000000,10547
BANEP,D,07/06/16,00:00,1899.0000000,48953
BANEP,D,07/07/16,00:00,1910.0000000,40527
BANEP,D,07/08/16,00:00,1910.0000000,51019
BANEP,D,07/11/16,00:00,2009.0000000,39616
BANEP,D,07/12/16,00:00,1989.0000000,52127
BANEP,D,07/13/16,00:00,2029.5000000,97097
BANEP,D,07/14/16,00:00,1854.0000000,75622
BANEP,D,07/15/16,00:00,1856.5000000,27805
BANEP,D,07/18/16,00:00,1856.0000000,30861
BANEP,D,07/19/16,00:00,1828.5000000,35047
BANEP,D,07/20/16,00:00,1828.5000000,75556
BANEP,D,07/21/16,00:00,1842.0000000,22895
BANEP,D,07/22/16,00:00,1865.0000000,33589
BANEP,D,07/25/16,00:00,1855.0000000,16715
BANEP,D,07/26/16,00:00,1845.0000000,17112
BANEP,D,07/27/16,00:00,1877.5000000,37536
BANEP,D,07/28/16,00:00,1875.0000000,32659
BANEP,D,07/29/16,00:00,1880.0000000,74782
BANEP,D,08/01/16,00:00,1911.0000000,68437
BANEP,D,08/02/16,00:00,1889.0000000,13724
BANEP,D,08/03/16,00:00,1864.5000000,21196
BANEP,D,08/04/16,00:00,1920.0000000,65597
BANEP,D,08/05/16,00:00,1935.0000000,31094
BANEP,D,08/08/16,00:00,1940.0000000,22399
BANEP,D,08/09/16,00:00,1945.0000000,12282
BANEP,D,08/10/16,00:00,1970.0000000,18800
BANEP,D,08/11/16,00:00,1996.5000000,18556
BANEP,D,08/12/16,00:00,2002.0000000,8794
BANEP,D,08/15/16,00:00,2007.0000000,8975
BANEP,D,08/16/16,00:00,1965.5000000,16105
BANEP,D,08/17/16,00:00,1920.5000000,77650
BANEP,D,08/18/16,00:00,1910.0000000,21488
BANEP,D,08/19/16,00:00,1910.0000000,5778
BANEP,D,08/22/16,00:00,1918.0000000,23852
BANEP,D,08/23/16,00:00,1906.5000000,3184
BANEP,D,08/24/16,00:00,1914.5000000,18396
BANEP,D,08/25/16,00:00,1898.5000000,7531
BANEP,D,08/26/16,00:00,1900.0000000,5052
BANEP,D,08/29/16,00:00,1947.0000000,17131
BANEP,D,08/30/16,00:00,1961.5000000,8904
BANEP,D,08/31/16,00:00,1961.5000000,22320
BANEP,D,09/01/16,00:00,1938.0000000,15033
BANEP,D,09/02/16,00:00,1953.0000000,40168
BANEP,D,09/05/16,00:00,1950.0000000,31261
BANEP,D,09/06/16,00:00,1950.0000000,16553
BANEP,D,09/07/16,00:00,1953.0000000,14778
BANEP,D,09/08/16,00:00,1962.5000000,74857
BANEP,D,09/09/16,00:00,1960.5000000,5397
BANEP,D,09/12/16,00:00,1904.5000000,19478
BANEP,D,09/13/16,00:00,1853.0000000,23236
BANEP,D,09/14/16,00:00,1861.5000000,16330
BANEP,D,09/15/16,00:00,1848.0000000,14883
BANEP,D,09/16/16,00:00,1830.0000000,6914
BANEP,D,09/19/16,00:00,1852.0000000,4300
BANEP,D,09/20/16,00:00,1842.5000000,5097
BANEP,D,09/21/16,00:00,1835.0000000,9550
BANEP,D,09/22/16,00:00,1862.0000000,15193
BANEP,D,09/23/16,00:00,1862.0000000,14341
BANEP,D,09/26/16,00:00,1857.5000000,14882
BANEP,D,09/27/16,00:00,1855.0000000,2054
BANEP,D,09/28/16,00:00,1850.0000000,5940
BANEP,D,09/29/16,00:00,1849.5000000,2492
BANEP,D,09/30/16,00:00,1869.0000000,15556
BANEP,D,10/03/16,00:00,1848.5000000,51802
BANEP,D,10/04/16,00:00,1821.0000000,12919
BANEP,D,10/05/16,00:00,1790.0000000,19765
BANEP,D,10/06/16,00:00,1670.0000000,86662
BANEP,D,10/07/16,00:00,1572.5000000,106453
BANEP,D,10/10/16,00:00,1547.5000000,41613
BANEP,D,10/11/16,00:00,1486.5000000,248360
BANEP,D,10/12/16,00:00,1495.0000000,78473
BANEP,D,10/13/16,00:00,1475.0000000,114657
BANEP,D,10/14/16,00:00,1410.0000000,245560
BANEP,D,10/17/16,00:00,1425.5000000,38560
BANEP,D,10/18/16,00:00,1414.0000000,37952
BANEP,D,10/19/16,00:00,1400.0000000,35749
BANEP,D,10/20/16,00:00,1468.0000000,195213
BANEP,D,10/21/16,00:00,1465.0000000,55286
BANEP,D,10/24/16,00:00,1452.5000000,29710
BANEP,D,10/25/16,00:00,1440.5000000,56989
BANEP,D,10/26/16,00:00,1424.5000000,40027
BANEP,D,10/27/16,00:00,1470.0000000,74777
BANEP,D,10/28/16,00:00,1497.0000000,267011
BANEP,D,10/31/16,00:00,1480.0000000,86714
BANEP,D,11/01/16,00:00,1460.0000000,25084
BANEP,D,11/02/16,00:00,1444.5000000,19410
BANEP,D,11/03/16,00:00,1421.0000000,20897
BANEP,D,11/07/16,00:00,1395.0000000,54843
BANEP,D,11/08/16,00:00,1409.5000000,44476
BANEP,D,11/09/16,00:00,1415.0000000,31961
BANEP,D,11/10/16,00:00,1450.0000000,65466
BANEP,D,11/11/16,00:00,1423.0000000,43244
BANEP,D,11/14/16,00:00,1385.0000000,59787
BANEP,D,11/15/16,00:00,1385.0000000,62599
BANEP,D,11/16/16,00:00,1370.5000000,54379
BANEP,D,11/17/16,00:00,1325.0000000,83237
BANEP,D,11/18/16,00:00,1310.0000000,54357
BANEP,D,11/21/16,00:00,1286.0000000,72262
BANEP,D,11/22/16,00:00,1380.0000000,155646
BANEP,D,11/23/16,00:00,1380.5000000,38434
BANEP,D,11/24/16,00:00,1365.0000000,28073
BANEP,D,11/25/16,00:00,1372.5000000,17066
BANEP,D,11/28/16,00:00,1375.0000000,39658
BANEP,D,11/29/16,00:00,1395.0000000,42709
BANEP,D,11/30/16,00:00,1380.0000000,37360
BANEP,D,12/01/16,00:00,1392.5000000,39417
BANEP,D,12/02/16,00:00,1388.5000000,23633
BANEP,D,12/05/16,00:00,1388.0000000,19430
BANEP,D,12/06/16,00:00,1365.0000000,33879
BANEP,D,12/07/16,00:00,1351.0000000,24670
BANEP,D,12/08/16,00:00,1349.0000000,49343
BANEP,D,12/09/16,00:00,1337.5000000,26414
BANEP,D,12/12/16,00:00,1336.0000000,49157
BANEP,D,12/13/16,00:00,1329.0000000,32571
BANEP,D,12/14/16,00:00,1334.0000000,19565
BANEP,D,12/15/16,00:00,1348.5000000,51469
BANEP,D,12/16/16,00:00,1350.0000000,41782
BANEP,D,12/19/16,00:00,1334.5000000,24906
BANEP,D,12/20/16,00:00,1328.0000000,17947
BANEP,D,12/21/16,00:00,1292.0000000,75951
BANEP,D,12/22/16,00:00,1289.0000000,20370
BANEP,D,12/23/16,00:00,1258.5000000,46388
BANEP,D,12/26/16,00:00,1245.0000000,32758
BANEP,D,12/27/16,00:00,1247.0000000,25883
BANEP,D,12/28/16,00:00,1235.0000000,32720
BANEP,D,12/29/16,00:00,1225.0000000,34485
BANEP,D,12/30/16,00:00,1228.5000000,43331
BANEP,D,01/03/17,00:00,1271.0000000,22134
BANEP,D,01/04/17,00:00,1279.0000000,14865
BANEP,D,01/05/17,00:00,1274.5000000,15998
BANEP,D,01/06/17,00:00,1280.5000000,13561
BANEP,D,01/09/17,00:00,1285.5000000,14382
BANEP,D,01/10/17,00:00,1294.0000000,22788
BANEP,D,01/11/17,00:00,1292.0000000,19799
BANEP,D,01/12/17,00:00,1313.5000000,30492
BANEP,D,01/13/17,00:00,1303.0000000,18773
BANEP,D,01/16/17,00:00,1330.5000000,14038
BANEP,D,01/17/17,00:00,1364.5000000,43652
BANEP,D,01/18/17,00:00,1360.5000000,40677
BANEP,D,01/19/17,00:00,1337.5000000,19797
BANEP,D,01/20/17,00:00,1329.0000000,25567
BANEP,D,01/23/17,00:00,1315.5000000,20239
BANEP,D,01/24/17,00:00,1321.5000000,11860
BANEP,D,01/25/17,00:00,1316.0000000,16028
BANEP,D,01/26/17,00:00,1323.5000000,30774
BANEP,D,01/27/17,00:00,1355.5000000,56626
BANEP,D,01/30/17,00:00,1353.0000000,33413
BANEP,D,01/31/17,00:00,1362.0000000,55396
BANEP,D,02/01/17,00:00,1415.0000000,168867
BANEP,D,02/02/17,00:00,1440.0000000,74478
BANEP,D,02/03/17,00:00,1459.5000000,66974
BANEP,D,02/06/17,00:00,1420.0000000,56698
BANEP,D,02/07/17,00:00,1434.5000000,73130
BANEP,D,02/08/17,00:00,1420.0000000,32637
BANEP,D,02/09/17,00:00,1410.0000000,47394
BANEP,D,02/10/17,00:00,1400.0000000,47004
BANEP,D,02/13/17,00:00,1381.5000000,28453
BANEP,D,02/14/17,00:00,1366.0000000,29461
BANEP,D,02/15/17,00:00,1363.5000000,32536
BANEP,D,02/16/17,00:00,1352.0000000,31563
BANEP,D,02/17/17,00:00,1349.0000000,22830
BANEP,D,02/20/17,00:00,1360.0000000,42274
BANEP,D,02/21/17,00:00,1352.0000000,19199
BANEP,D,02/22/17,00:00,1348.0000000,25843
BANEP,D,02/24/17,00:00,1334.5000000,26666
BANEP,D,02/27/17,00:00,1300.5000000,42357
BANEP,D,02/28/17,00:00,1288.5000000,108562
BANEP,D,03/01/17,00:00,1330.0000000,49437
BANEP,D,03/02/17,00:00,1279.5000000,57172
BANEP,D,03/03/17,00:00,1278.5000000,101433
BANEP,D,03/06/17,00:00,1296.5000000,27391
BANEP,D,03/07/17,00:00,1265.0000000,50104
BANEP,D,03/09/17,00:00,1231.0000000,62598
BANEP,D,03/10/17,00:00,1234.0000000,33672
BANEP,D,03/13/17,00:00,1241.5000000,35172
BANEP,D,03/14/17,00:00,1245.0000000,42103
BANEP,D,03/15/17,00:00,1229.0000000,37431
BANEP,D,03/16/17,00:00,1222.0000000,47837
BANEP,D,03/17/17,00:00,1220.0000000,66736
BANEP,D,03/20/17,00:00,1223.0000000,17446
BANEP,D,03/21/17,00:00,1230.0000000,33544
BANEP,D,03/22/17,00:00,1216.0000000,48903
BANEP,D,03/23/17,00:00,1219.0000000,12569
BANEP,D,03/24/17,00:00,1220.0000000,28604
BANEP,D,03/27/17,00:00,1215.0000000,47442
BANEP,D,03/28/17,00:00,1220.0000000,18952
BANEP,D,03/29/17,00:00,1215.0000000,11851
BANEP,D,03/30/17,00:00,1215.0000000,29373
BANEP,D,03/31/17,00:00,1265.0000000,84118
BANEP,D,04/03/17,00:00,1290.0000000,46914
BANEP,D,04/04/17,00:00,1252.0000000,102911
BANEP,D,04/05/17,00:00,1258.5000000,43975
BANEP,D,04/06/17,00:00,1257.5000000,33689
BANEP,D,04/07/17,00:00,1250.0000000,28797
BANEP,D,04/10/17,00:00,1220.0000000,23747
BANEP,D,04/11/17,00:00,1214.0000000,39468
BANEP,D,04/12/17,00:00,1198.0000000,38751
BANEP,D,04/13/17,00:00,1150.0000000,151169
BANEP,D,04/14/17,00:00,1127.0000000,62898
BANEP,D,04/17/17,00:00,1151.5000000,42868
BANEP,D,04/18/17,00:00,1131.5000000,20771
BANEP,D,04/19/17,00:00,1187.0000000,88316
BANEP,D,04/20/17,00:00,1188.0000000,41492
BANEP,D,04/21/17,00:00,1191.0000000,39539
BANEP,D,04/24/17,00:00,1224.0000000,31733
BANEP,D,04/25/17,00:00,1240.0000000,73868
BANEP,D,04/26/17,00:00,1233.5000000,24962
BANEP,D,04/27/17,00:00,1234.5000000,22420
BANEP,D,04/28/17,00:00,1260.0000000,53250
BANEP,D,05/02/17,00:00,1273.0000000,30928
BANEP,D,05/03/17,00:00,1254.0000000,33707
BANEP,D,05/04/17,00:00,1259.5000000,23481
BANEP,D,05/05/17,00:00,1250.0000000,23163
BANEP,D,05/10/17,00:00,1242.0000000,14532
BANEP,D,05/11/17,00:00,1236.0000000,9131
BANEP,D,05/12/17,00:00,1230.5000000,21085
BANEP,D,05/15/17,00:00,1246.5000000,28355
BANEP,D,05/16/17,00:00,1251.0000000,41149
BANEP,D,05/17/17,00:00,1231.5000000,34098
BANEP,D,05/18/17,00:00,1227.0000000,22963
BANEP,D,05/19/17,00:00,1225.0000000,14356
BANEP,D,05/22/17,00:00,1227.0000000,17854
BANEP,D,05/23/17,00:00,1236.0000000,18726
BANEP,D,05/24/17,00:00,1218.5000000,31972
BANEP,D,05/25/17,00:00,1230.0000000,55672
BANEP,D,05/26/17,00:00,1230.0000000,24586
BANEP,D,05/29/17,00:00,1087.5000000,337153
BANEP,D,05/30/17,00:00,1089.5000000,28371
BANEP,D,05/31/17,00:00,1091.0000000,44351
BANEP,D,06/01/17,00:00,1082.0000000,29932
BANEP,D,06/02/17,00:00,1068.0000000,23872
BANEP,D,06/05/17,00:00,1065.5000000,22509
BANEP,D,06/06/17,00:00,1064.5000000,16445
BANEP,D,06/07/17,00:00,1066.0000000,29014
BANEP,D,06/08/17,00:00,1069.0000000,12790
BANEP,D,06/09/17,00:00,1068.0000000,10627
BANEP,D,06/13/17,00:00,1068.0000000,21488
BANEP,D,06/14/17,00:00,1037.5000000,34197
BANEP,D,06/15/17,00:00,1050.0000000,139272
BANEP,D,06/16/17,00:00,1089.0000000,32915
BANEP,D,06/19/17,00:00,1089.5000000,15140
BANEP,D,06/20/17,00:00,1105.5000000,51576
BANEP,D,06/21/17,00:00,1103.0000000,20537
BANEP,D,06/22/17,00:00,1151.0000000,97035
BANEP,D,06/23/17,00:00,1179.0000000,31659
BANEP,D,06/26/17,00:00,1180.5000000,20718
BANEP,D,06/27/17,00:00,1185.0000000,36148
BANEP,D,06/28/17,00:00,1206.0000000,68303
BANEP,D,06/29/17,00:00,1185.5000000,11424
BANEP,D,06/30/17,00:00,1148.0000000,70383
BANEP,D,07/03/17,00:00,1161.0000000,26615
BANEP,D,07/04/17,00:00,1165.0000000,20743
BANEP,D,07/05/17,00:00,1164.0000000,11967
BANEP,D,07/06/17,00:00,1163.0000000,14944
BANEP,D,07/07/17,00:00,1154.0000000,17914
BANEP,D,07/10/17,00:00,1165.0000000,17773
BANEP,D,07/11/17,00:00,1225.0000000,51814
BANEP,D,07/12/17,00:00,1225.0000000,29407
BANEP,D,07/13/17,00:00,1221.5000000,20972
BANEP,D,07/14/17,00:00,1223.0000000,23866
BANEP,D,07/17/17,00:00,1227.5000000,17703
BANEP,D,07/18/17,00:00,1219.0000000,14326
BANEP,D,07/19/17,00:00,1238.0000000,24450
BANEP,D,07/20/17,00:00,1223.0000000,36952
BANEP,D,07/21/17,00:00,1216.5000000,9686
BANEP,D,07/24/17,00:00,1222.5000000,28887
BANEP,D,07/25/17,00:00,1208.5000000,18395
BANEP,D,07/26/17,00:00,1213.5000000,7855
BANEP,D,07/27/17,00:00,1215.0000000,9203
BANEP,D,07/28/17,00:00,1211.0000000,24856
BANEP,D,07/31/17,00:00,1204.5000000,11321
BANEP,D,08/01/17,00:00,1214.0000000,11898
BANEP,D,08/02/17,00:00,1219.0000000,12820
BANEP,D,08/03/17,00:00,1217.0000000,16175
BANEP,D,08/04/17,00:00,1207.5000000,26818
BANEP,D,08/07/17,00:00,1227.5000000,23148
BANEP,D,08/08/17,00:00,1224.0000000,29282
BANEP,D,08/09/17,00:00,1217.0000000,19299
BANEP,D,08/10/17,00:00,1202.0000000,35182
BANEP,D,08/11/17,00:00,1212.0000000,20134
BANEP,D,08/14/17,00:00,1219.0000000,31284
BANEP,D,08/15/17,00:00,1218.0000000,29999
BANEP,D,08/16/17,00:00,1215.5000000,13298
BANEP,D,08/17/17,00:00,1220.0000000,14882
BANEP,D,08/18/17,00:00,1239.0000000,26774
BANEP,D,08/21/17,00:00,1235.5000000,28550
BANEP,D,08/22/17,00:00,1230.0000000,22891
BANEP,D,08/23/17,00:00,1285.0000000,96337
BANEP,D,08/24/17,00:00,1326.0000000,117381
BANEP,D,08/25/17,00:00,1313.5000000,25971
BANEP,D,08/28/17,00:00,1335.0000000,54833
BANEP,D,08/29/17,00:00,1329.0000000,17922
BANEP,D,08/30/17,00:00,1332.0000000,34181
BANEP,D,08/31/17,00:00,1293.0000000,106807
BANEP,D,09/01/17,00:00,1279.5000000,32183
BANEP,D,09/04/17,00:00,1240.5000000,103683
BANEP,D,09/05/17,00:00,1230.0000000,68275
BANEP,D,09/06/17,00:00,1220.5000000,42976
BANEP,D,09/07/17,00:00,1198.5000000,108119
BANEP,D,09/08/17,00:00,1211.0000000,48299
BANEP,D,09/11/17,00:00,1240.0000000,52300
BANEP,D,09/12/17,00:00,1245.0000000,58123
BANEP,D,09/13/17,00:00,1253.0000000,19400
BANEP,D,09/14/17,00:00,1257.0000000,28326
BANEP,D,09/15/17,00:00,1302.0000000,54618
BANEP,D,09/18/17,00:00,1298.0000000,64061
BANEP,D,09/19/17,00:00,1288.0000000,13603
BANEP,D,09/20/17,00:00,1274.0000000,26840
BANEP,D,09/21/17,00:00,1259.5000000,32634
BANEP,D,09/22/17,00:00,1260.0000000,20242
BANEP,D,09/25/17,00:00,1259.5000000,33539
BANEP,D,09/26/17,00:00,1265.0000000,72862
BANEP,D,09/27/17,00:00,1257.0000000,46136
BANEP,D,09/28/17,00:00,1252.0000000,14624
BANEP,D,09/29/17,00:00,1270.0000000,54757
BANEP,D,10/02/17,00:00,1286.0000000,48863
BANEP,D,10/03/17,00:00,1312.5000000,74621
BANEP,D,10/04/17,00:00,1330.0000000,41799
BANEP,D,10/05/17,00:00,1368.0000000,132607
BANEP,D,10/06/17,00:00,1389.0000000,92392
BANEP,D,10/09/17,00:00,1435.0000000,100044
BANEP,D,10/10/17,00:00,1419.5000000,111353
BANEP,D,10/11/17,00:00,1430.0000000,40404
BANEP,D,10/12/17,00:00,1427.0000000,30370
BANEP,D,10/13/17,00:00,1455.0000000,78422
BANEP,D,10/16/17,00:00,1441.5000000,64898
BANEP,D,10/17/17,00:00,1457.0000000,58063
BANEP,D,10/18/17,00:00,1453.0000000,34297
BANEP,D,10/19/17,00:00,1432.0000000,50437
BANEP,D,10/20/17,00:00,1433.5000000,35100
BANEP,D,10/23/17,00:00,1435.5000000,17714
BANEP,D,10/24/17,00:00,1426.0000000,34794
BANEP,D,10/25/17,00:00,1441.5000000,53878
BANEP,D,10/26/17,00:00,1475.5000000,94746
BANEP,D,10/27/17,00:00,1515.0000000,206614
BANEP,D,10/30/17,00:00,1517.0000000,213191
BANEP,D,10/31/17,00:00,1497.0000000,68542
BANEP,D,11/01/17,00:00,1510.5000000,43947
BANEP,D,11/02/17,00:00,1519.0000000,56875
BANEP,D,11/03/17,00:00,1522.0000000,49972
BANEP,D,11/07/17,00:00,1529.5000000,88910
BANEP,D,11/08/17,00:00,1551.0000000,87995
BANEP,D,11/09/17,00:00,1567.5000000,115210
BANEP,D,11/10/17,00:00,1569.0000000,40233
BANEP,D,11/13/17,00:00,1559.0000000,45737
BANEP,D,11/14/17,00:00,1551.0000000,69561
BANEP,D,11/15/17,00:00,1527.5000000,85881
BANEP,D,11/16/17,00:00,1520.0000000,52126
BANEP,D,11/17/17,00:00,1532.5000000,48822
BANEP,D,11/20/17,00:00,1537.5000000,50779
BANEP,D,11/21/17,00:00,1534.5000000,63146
BANEP,D,11/22/17,00:00,1539.0000000,57454
BANEP,D,11/23/17,00:00,1533.5000000,36178
BANEP,D,11/24/17,00:00,1533.5000000,62376
BANEP,D,11/27/17,00:00,1529.0000000,36010
BANEP,D,11/28/17,00:00,1527.5000000,33818
BANEP,D,11/29/17,00:00,1504.5000000,80053
BANEP,D,11/30/17,00:00,1499.5000000,89574
BANEP,D,12/01/17,00:00,1520.0000000,52949
BANEP,D,12/04/17,00:00,1525.5000000,96726
BANEP,D,12/05/17,00:00,1527.0000000,148830
BANEP,D,12/06/17,00:00,1535.5000000,89102
BANEP,D,12/07/17,00:00,1541.0000000,173881
BANEP,D,12/08/17,00:00,1545.0000000,407929
BANEP,D,12/11/17,00:00,1399.5000000,162071
BANEP,D,12/12/17,00:00,1370.5000000,199414
BANEP,D,12/13/17,00:00,1345.0000000,73840
BANEP,D,12/14/17,00:00,1335.0000000,52473
BANEP,D,12/15/17,00:00,1350.0000000,98686
BANEP,D,12/18/17,00:00,1348.5000000,163005
BANEP,D,12/19/17,00:00,1350.0000000,101454
BANEP,D,12/20/17,00:00,1303.0000000,195036
BANEP,D,12/21/17,00:00,1302.0000000,111710
BANEP,D,12/22/17,00:00,1305.0000000,88639
BANEP,D,12/25/17,00:00,1379.5000000,253795
BANEP,D,12/26/17,00:00,1362.0000000,101414
BANEP,D,12/27/17,00:00,1340.0000000,97005
BANEP,D,12/28/17,00:00,1325.0000000,109315
BANEP,D,12/29/17,00:00,1352.0000000,110056
BANEP,D,01/03/18,00:00,1357.0000000,62211
BANEP,D,01/04/18,00:00,1364.5000000,60587
BANEP,D,01/05/18,00:00,1368.5000000,24404
BANEP,D,01/09/18,00:00,1390.0000000,191357
BANEP,D,01/10/18,00:00,1444.0000000,175885
BANEP,D,01/11/18,00:00,1479.5000000,166468
BANEP,D,01/12/18,00:00,1475.0000000,79300
BANEP,D,01/15/18,00:00,1463.0000000,34414
BANEP,D,01/16/18,00:00,1452.0000000,74273
BANEP,D,01/17/18,00:00,1472.0000000,73660
BANEP,D,01/18/18,00:00,1475.0000000,133097
BANEP,D,01/19/18,00:00,1480.5000000,67319
BANEP,D,01/22/18,00:00,1467.0000000,59617
BANEP,D,01/23/18,00:00,1467.5000000,56853
BANEP,D,01/24/18,00:00,1469.0000000,26270
BANEP,D,01/25/18,00:00,1466.5000000,40403
BANEP,D,01/26/18,00:00,1440.0000000,88565
BANEP,D,01/29/18,00:00,1429.5000000,72861
BANEP,D,01/30/18,00:00,1438.0000000,34532
BANEP,D,01/31/18,00:00,1411.0000000,59368
BANEP,D,02/01/18,00:00,1433.0000000,51723
BANEP,D,02/02/18,00:00,1428.0000000,20231
BANEP,D,02/05/18,00:00,1432.5000000,27317
BANEP,D,02/06/18,00:00,1422.0000000,110376
BANEP,D,02/07/18,00:00,1434.0000000,39541
BANEP,D,02/08/18,00:00,1443.0000000,39638
BANEP,D,02/09/18,00:00,1505.5000000,137180
BANEP,D,02/12/18,00:00,1538.5000000,166352
BANEP,D,02/13/18,00:00,1535.0000000,110102
BANEP,D,02/14/18,00:00,1541.0000000,65742
BANEP,D,02/15/18,00:00,1567.5000000,98065
BANEP,D,02/16/18,00:00,1563.0000000,75442
BANEP,D,02/19/18,00:00,1560.5000000,68274
BANEP,D,02/20/18,00:00,1580.0000000,74788
BANEP,D,02/21/18,00:00,1592.0000000,121332
BANEP,D,02/22/18,00:00,1600.0000000,80287
BANEP,D,02/26/18,00:00,1616.5000000,103955
BANEP,D,02/27/18,00:00,1627.5000000,64291
BANEP,D,02/28/18,00:00,1618.5000000,131394
BANEP,D,03/01/18,00:00,1623.0000000,59754
BANEP,D,03/02/18,00:00,1601.5000000,77382
BANEP,D,03/05/18,00:00,1609.0000000,54660
BANEP,D,03/06/18,00:00,1618.5000000,101593
BANEP,D,03/07/18,00:00,1615.0000000,24175
BANEP,D,03/09/18,00:00,1610.0000000,29887
BANEP,D,03/12/18,00:00,1623.0000000,66287
BANEP,D,03/13/18,00:00,1668.0000000,196049
BANEP,D,03/14/18,00:00,1657.0000000,118981
BANEP,D,03/15/18,00:00,1672.0000000,101367
BANEP,D,03/16/18,00:00,1689.0000000,483771
BANEP,D,03/19/18,00:00,1676.0000000,103690
BANEP,D,03/20/18,00:00,1679.5000000,115564
BANEP,D,03/21/18,00:00,1693.0000000,86394
BANEP,D,03/22/18,00:00,1690.0000000,102183
BANEP,D,03/23/18,00:00,1685.5000000,56306
BANEP,D,03/26/18,00:00,1679.0000000,71102
BANEP,D,03/27/18,00:00,1679.0000000,28033
BANEP,D,03/28/18,00:00,1653.0000000,52142
BANEP,D,03/29/18,00:00,1701.0000000,116176
BANEP,D,03/30/18,00:00,1717.0000000,56525
BANEP,D,04/02/18,00:00,1706.0000000,48399
BANEP,D,04/03/18,00:00,1737.0000000,49049
BANEP,D,04/04/18,00:00,1754.0000000,57648
BANEP,D,04/05/18,00:00,1750.0000000,60694
BANEP,D,04/06/18,00:00,1789.5000000,128516
BANEP,D,04/09/18,00:00,1763.5000000,373783
BANEP,D,04/10/18,00:00,1713.5000000,186302
BANEP,D,04/11/18,00:00,1638.0000000,264593
BANEP,D,04/12/18,00:00,1710.0000000,89707
BANEP,D,04/13/18,00:00,1695.0000000,64625
BANEP,D,04/16/18,00:00,1706.0000000,134206
BANEP,D,04/17/18,00:00,1730.0000000,103393
BANEP,D,04/18/18,00:00,1740.0000000,98097
BANEP,D,04/19/18,00:00,1742.5000000,38398
BANEP,D,04/20/18,00:00,1735.0000000,38841
BANEP,D,04/23/18,00:00,1732.0000000,31686
BANEP,D,04/24/18,00:00,1726.0000000,26587
BANEP,D,04/25/18,00:00,1743.0000000,27396
BANEP,D,04/26/18,00:00,1774.5000000,75179
BANEP,D,04/27/18,00:00,1800.0000000,103156
BANEP,D,04/28/18,00:00,1814.0000000,14748
BANEP,D,04/30/18,00:00,1835.0000000,20670
BANEP,D,05/02/18,00:00,1854.0000000,24850
BANEP,D,05/03/18,00:00,1842.5000000,33359
BANEP,D,05/04/18,00:00,1820.0000000,29515
BANEP,D,05/07/18,00:00,1853.0000000,38808
BANEP,D,05/08/18,00:00,1846.0000000,33867
BANEP,D,05/10/18,00:00,1870.0000000,73538
BANEP,D,05/11/18,00:00,1875.0000000,18947
BANEP,D,05/14/18,00:00,1897.0000000,84922
BANEP,D,05/15/18,00:00,1894.0000000,35207
BANEP,D,05/16/18,00:00,1885.0000000,33593
BANEP,D,05/17/18,00:00,1897.0000000,32381
BANEP,D,05/18/18,00:00,1878.0000000,71235
BANEP,D,05/21/18,00:00,1861.0000000,48500
BANEP,D,05/22/18,00:00,1829.0000000,57742
BANEP,D,05/23/18,00:00,1737.5000000,303521
BANEP,D,05/24/18,00:00,1748.0000000,69665
BANEP,D,05/25/18,00:00,1751.5000000,56075
BANEP,D,05/28/18,00:00,1755.0000000,38881
BANEP,D,05/29/18,00:00,1745.5000000,26372
BANEP,D,05/30/18,00:00,1751.0000000,34455
BANEP,D,05/31/18,00:00,1739.0000000,37296
BANEP,D,06/01/18,00:00,1736.0000000,22722
BANEP,D,06/04/18,00:00,1747.0000000,59225
BANEP,D,06/05/18,00:00,1736.5000000,31948
BANEP,D,06/06/18,00:00,1736.0000000,15802
BANEP,D,06/07/18,00:00,1723.0000000,46620
BANEP,D,06/08/18,00:00,1731.0000000,48560
BANEP,D,06/09/18,00:00,1733.0000000,4890
BANEP,D,06/11/18,00:00,1729.0000000,7489
BANEP,D,06/13/18,00:00,1716.5000000,32985
BANEP,D,06/14/18,00:00,1724.5000000,25451
BANEP,D,06/15/18,00:00,1718.5000000,21516
BANEP,D,06/18/18,00:00,1730.0000000,63439
BANEP,D,06/19/18,00:00,1730.0000000,31788
BANEP,D,06/20/18,00:00,1739.5000000,30149
BANEP,D,06/21/18,00:00,1740.0000000,61032
BANEP,D,06/22/18,00:00,1730.0000000,63862
BANEP,D,06/25/18,00:00,1722.5000000,22046
BANEP,D,06/26/18,00:00,1720.0000000,33365
BANEP,D,06/27/18,00:00,1718.0000000,20463
BANEP,D,06/28/18,00:00,1714.0000000,44519
BANEP,D,06/29/18,00:00,1711.5000000,47630
BANEP,D,07/02/18,00:00,1730.0000000,100116
BANEP,D,07/03/18,00:00,1739.5000000,59326
BANEP,D,07/04/18,00:00,1750.0000000,80307
BANEP,D,07/05/18,00:00,1758.5000000,150951
BANEP,D,07/06/18,00:00,1618.0000000,159445
BANEP,D,07/09/18,00:00,1634.5000000,66960
BANEP,D,07/10/18,00:00,1648.0000000,61819
BANEP,D,07/11/18,00:00,1626.5000000,38574
BANEP,D,07/12/18,00:00,1626.0000000,20271
BANEP,D,07/13/18,00:00,1630.0000000,25266
BANEP,D,07/16/18,00:00,1628.5000000,30030
BANEP,D,07/17/18,00:00,1616.0000000,24988
BANEP,D,07/18/18,00:00,1635.0000000,33096
BANEP,D,07/19/18,00:00,1618.5000000,30488
BANEP,D,07/20/18,00:00,1611.0000000,56084
BANEP,D,07/23/18,00:00,1624.5000000,28379
BANEP,D,07/24/18,00:00,1628.0000000,26817
BANEP,D,07/25/18,00:00,1620.0000000,14053
BANEP,D,07/26/18,00:00,1626.5000000,22227
BANEP,D,07/27/18,00:00,1632.0000000,16477
BANEP,D,07/30/18,00:00,1647.5000000,35670
BANEP,D,07/31/18,00:00,1647.0000000,16349
BANEP,D,08/01/18,00:00,1643.5000000,10257
BANEP,D,08/02/18,00:00,1653.0000000,38493
BANEP,D,08/03/18,00:00,1649.0000000,28588
BANEP,D,08/06/18,00:00,1641.5000000,18651
BANEP,D,08/07/18,00:00,1676.5000000,134813
BANEP,D,08/08/18,00:00,1690.5000000,101604
BANEP,D,08/09/18,00:00,1700.0000000,92569
BANEP,D,08/10/18,00:00,1687.5000000,69044
BANEP,D,08/13/18,00:00,1700.0000000,44706
BANEP,D,08/14/18,00:00,1683.0000000,28257
BANEP,D,08/15/18,00:00,1673.0000000,39292
BANEP,D,08/16/18,00:00,1676.0000000,25714
BANEP,D,08/17/18,00:00,1666.5000000,28154
BANEP,D,08/20/18,00:00,1675.0000000,36533
BANEP,D,08/21/18,00:00,1689.0000000,18837
BANEP,D,08/22/18,00:00,1696.5000000,18088
BANEP,D,08/23/18,00:00,1688.0000000,55050
BANEP,D,08/24/18,00:00,1690.5000000,32951
BANEP,D,08/27/18,00:00,1695.0000000,18331
BANEP,D,08/28/18,00:00,1690.0000000,20050
BANEP,D,08/29/18,00:00,1687.0000000,24574
BANEP,D,08/30/18,00:00,1690.0000000,58190
BANEP,D,08/31/18,00:00,1689.5000000,75486
BANEP,D,09/03/18,00:00,1710.0000000,75364
BANEP,D,09/04/18,00:00,1720.0000000,67200
BANEP,D,09/05/18,00:00,1708.0000000,28902
BANEP,D,09/06/18,00:00,1718.0000000,33746
BANEP,D,09/07/18,00:00,1721.5000000,24727
BANEP,D,09/10/18,00:00,1718.0000000,35286
BANEP,D,09/11/18,00:00,1738.0000000,50114
BANEP,D,09/12/18,00:00,1748.5000000,47521
BANEP,D,09/13/18,00:00,1735.0000000,52113
BANEP,D,09/14/18,00:00,1733.0000000,70382
BANEP,D,09/17/18,00:00,1742.5000000,17123
BANEP,D,09/18/18,00:00,1756.5000000,37373
BANEP,D,09/19/18,00:00,1770.0000000,24202
BANEP,D,09/20/18,00:00,1760.0000000,27514
BANEP,D,09/21/18,00:00,1863.5000000,94312
BANEP,D,09/24/18,00:00,1839.0000000,66109
BANEP,D,09/25/18,00:00,1854.5000000,59988
BANEP,D,09/26/18,00:00,1836.0000000,23865
BANEP,D,09/27/18,00:00,1859.0000000,26811
BANEP,D,09/28/18,00:00,1879.5000000,50234
BANEP,D,10/01/18,00:00,1882.0000000,28785
BANEP,D,10/02/18,00:00,1895.0000000,50793
BANEP,D,10/03/18,00:00,1921.0000000,54818
BANEP,D,10/04/18,00:00,1875.0000000,89113
BANEP,D,10/05/18,00:00,1862.0000000,49473
BANEP,D,10/08/18,00:00,1856.0000000,34574
BANEP,D,10/09/18,00:00,1859.5000000,23132
BANEP,D,10/10/18,00:00,1836.0000000,40610
BANEP,D,10/11/18,00:00,1750.0000000,163231
BANEP,D,10/12/18,00:00,1813.5000000,55102
BANEP,D,10/15/18,00:00,1810.0000000,36613
BANEP,D,10/16/18,00:00,1815.0000000,19657
BANEP,D,10/17/18,00:00,1837.5000000,34859
BANEP,D,10/18/18,00:00,1844.0000000,24967
BANEP,D,10/19/18,00:00,1840.0000000,52651
BANEP,D,10/22/18,00:00,1844.0000000,47644
BANEP,D,10/23/18,00:00,1815.5000000,69356
BANEP,D,10/24/18,00:00,1840.0000000,36876
BANEP,D,10/25/18,00:00,1832.5000000,33119
BANEP,D,10/26/18,00:00,1816.5000000,29216
BANEP,D,10/29/18,00:00,1825.0000000,36784
BANEP,D,10/30/18,00:00,1825.0000000,42783
BANEP,D,10/31/18,00:00,1815.0000000,74158
BANEP,D,11/01/18,00:00,1839.0000000,23986
BANEP,D,11/02/18,00:00,1836.5000000,34421
BANEP,D,11/06/18,00:00,1885.0000000,72246
BANEP,D,11/07/18,00:00,1928.0000000,86189
BANEP,D,11/08/18,00:00,1913.0000000,34711
BANEP,D,11/09/18,00:00,1881.5000000,39975
BANEP,D,11/12/18,00:00,1890.0000000,25795
BANEP,D,11/13/18,00:00,1857.0000000,28887
BANEP,D,11/14/18,00:00,1862.0000000,129996
BANEP,D,11/15/18,00:00,1858.5000000,29670
BANEP,D,11/16/18,00:00,1884.0000000,14823
BANEP,D,11/19/18,00:00,1862.5000000,13950
BANEP,D,11/20/18,00:00,1841.0000000,14905
BANEP,D,11/21/18,00:00,1858.0000000,15487
BANEP,D,11/22/18,00:00,1850.0000000,13035
BANEP,D,11/23/18,00:00,1817.0000000,30477
BANEP,D,11/26/18,00:00,1823.0000000,43764
BANEP,D,11/27/18,00:00,1800.0000000,21602
BANEP,D,11/28/18,00:00,1857.0000000,32641
BANEP,D,11/29/18,00:00,1851.0000000,14748
BANEP,D,11/30/18,00:00,1843.5000000,27981
BANEP,D,12/03/18,00:00,1870.0000000,18103
BANEP,D,12/04/18,00:00,1888.0000000,24015
BANEP,D,12/05/18,00:00,1900.0000000,25382
BANEP,D,12/06/18,00:00,1872.0000000,15989
BANEP,D,12/07/18,00:00,1875.0000000,8504
BANEP,D,12/10/18,00:00,1875.0000000,10481
BANEP,D,12/11/18,00:00,1870.5000000,5675
BANEP,D,12/12/18,00:00,1848.5000000,12357
BANEP,D,12/13/18,00:00,1845.5000000,11125
BANEP,D,12/14/18,00:00,1851.0000000,16619
BANEP,D,12/17/18,00:00,1835.0000000,16797
BANEP,D,12/18/18,00:00,1813.5000000,22918
BANEP,D,12/19/18,00:00,1792.5000000,47482
BANEP,D,12/20/18,00:00,1761.0000000,56596
BANEP,D,12/21/18,00:00,1795.0000000,60176
BANEP,D,12/24/18,00:00,1740.0000000,30992
BANEP,D,12/25/18,00:00,1722.0000000,45934
BANEP,D,12/26/18,00:00,1760.5000000,31767
BANEP,D,12/27/18,00:00,1788.0000000,35090
BANEP,D,12/28/18,00:00,1790.0000000,15194
BANEP,D,12/29/18,00:00,1782.5000000,22552
BANEP,D,01/03/19,00:00,1779.0000000,7586
BANEP,D,01/04/19,00:00,1789.0000000,7524
BANEP,D,01/08/19,00:00,1772.0000000,11157
BANEP,D,01/09/19,00:00,1797.0000000,30486
BANEP,D,01/10/19,00:00,1894.0000000,53769
BANEP,D,01/11/19,00:00,1852.0000000,29933
BANEP,D,01/14/19,00:00,1828.5000000,19539
BANEP,D,01/15/19,00:00,1848.0000000,17802
BANEP,D,01/16/19,00:00,1830.0000000,20606
BANEP,D,01/17/19,00:00,1820.0000000,63433
BANEP,D,01/18/19,00:00,1859.0000000,25933
BANEP,D,01/21/19,00:00,1849.5000000,29645
BANEP,D,01/22/19,00:00,1842.0000000,14732
BANEP,D,01/23/19,00:00,1857.5000000,15568
BANEP,D,01/24/19,00:00,1840.5000000,18563
BANEP,D,01/25/19,00:00,1839.0000000,19440
BANEP,D,01/28/19,00:00,1839.5000000,16779
BANEP,D,01/29/19,00:00,1840.0000000,37923
BANEP,D,01/30/19,00:00,1842.0000000,15829
BANEP,D,01/31/19,00:00,1795.0000000,47525
BANEP,D,02/01/19,00:00,1833.5000000,20885
BANEP,D,02/04/19,00:00,1853.0000000,39843
BANEP,D,02/05/19,00:00,1864.0000000,25456
BANEP,D,02/06/19,00:00,1851.5000000,28945
BANEP,D,02/07/19,00:00,1848.0000000,58280
BANEP,D,02/08/19,00:00,1869.5000000,38731
BANEP,D,02/11/19,00:00,1859.0000000,15884
BANEP,D,02/12/19,00:00,1858.5000000,18504
BANEP,D,02/13/19,00:00,1847.0000000,21193
BANEP,D,02/14/19,00:00,1858.0000000,41589
BANEP,D,02/15/19,00:00,1880.0000000,64467
BANEP,D,02/18/19,00:00,1875.0000000,72445
BANEP,D,02/19/19,00:00,1875.0000000,23551
BANEP,D,02/20/19,00:00,1873.5000000,13600
BANEP,D,02/21/19,00:00,1852.5000000,18541
BANEP,D,02/22/19,00:00,1884.0000000,28508
BANEP,D,02/25/19,00:00,1872.0000000,13733
BANEP,D,02/26/19,00:00,1871.0000000,7236
BANEP,D,02/27/19,00:00,1880.5000000,8213
BANEP,D,02/28/19,00:00,1857.0000000,19526
BANEP,D,03/01/19,00:00,1861.0000000,15633
BANEP,D,03/04/19,00:00,1879.0000000,11330
BANEP,D,03/05/19,00:00,1861.0000000,11569
BANEP,D,03/06/19,00:00,1862.0000000,12031
BANEP,D,03/07/19,00:00,1860.0000000,6773
BANEP,D,03/11/19,00:00,1848.0000000,24154
BANEP,D,03/12/19,00:00,1846.5000000,7576
BANEP,D,03/13/19,00:00,1839.0000000,36890
BANEP,D,03/14/19,00:00,1841.0000000,29391
BANEP,D,03/15/19,00:00,1794.5000000,164812
BANEP,D,03/18/19,00:00,1805.5000000,73357
BANEP,D,03/19/19,00:00,1816.0000000,44931
BANEP,D,03/20/19,00:00,1817.0000000,32953
BANEP,D,03/21/19,00:00,1815.5000000,33585
BANEP,D,03/22/19,00:00,1806.0000000,25389
BANEP,D,03/25/19,00:00,1806.5000000,30531
BANEP,D,03/26/19,00:00,1807.0000000,23443
BANEP,D,03/27/19,00:00,1784.0000000,54728
BANEP,D,03/28/19,00:00,1797.5000000,23486
BANEP,D,03/29/19,00:00,1813.0000000,40212
BANEP,D,04/01/19,00:00,1840.0000000,26152
BANEP,D,04/02/19,00:00,1852.0000000,43151
BANEP,D,04/03/19,00:00,1842.5000000,19979
BANEP,D,04/04/19,00:00,1836.0000000,14795
BANEP,D,04/05/19,00:00,1821.5000000,33233
BANEP,D,04/08/19,00:00,1823.0000000,26277
BANEP,D,04/09/19,00:00,1818.0000000,44078
BANEP,D,04/10/19,00:00,1763.5000000,342420
BANEP,D,04/11/19,00:00,1775.5000000,147815
BANEP,D,04/12/19,00:00,1790.0000000,32277
BANEP,D,04/15/19,00:00,1797.5000000,43357
BANEP,D,04/16/19,00:00,1803.0000000,28480
BANEP,D,04/17/19,00:00,1810.0000000,22973
BANEP,D,04/18/19,00:00,1807.5000000,13617
BANEP,D,04/19/19,00:00,1816.0000000,10221
BANEP,D,04/22/19,00:00,1854.0000000,78003
BANEP,D,04/23/19,00:00,1873.5000000,58306
BANEP,D,04/24/19,00:00,1870.0000000,38122
BANEP,D,04/25/19,00:00,1871.0000000,30726
BANEP,D,04/26/19,00:00,1900.0000000,71374
BANEP,D,04/29/19,00:00,1900.0000000,49976
BANEP,D,04/30/19,00:00,1894.5000000,110116
BANEP,D,05/02/19,00:00,1920.0000000,17944
BANEP,D,05/03/19,00:00,1900.0000000,40487
BANEP,D,05/06/19,00:00,1931.0000000,37197
BANEP,D,05/07/19,00:00,1768.0000000,525353
BANEP,D,05/08/19,00:00,1760.5000000,91799
BANEP,D,05/10/19,00:00,1730.0000000,55806
BANEP,D,05/13/19,00:00,1709.0000000,90001
BANEP,D,05/14/19,00:00,1712.5000000,69399
BANEP,D,05/15/19,00:00,1706.0000000,70448
BANEP,D,05/16/19,00:00,1744.0000000,59492
BANEP,D,05/17/19,00:00,1749.0000000,33931
BANEP,D,05/20/19,00:00,1746.0000000,30055
BANEP,D,05/21/19,00:00,1725.5000000,63021
BANEP,D,05/22/19,00:00,1733.0000000,29279
BANEP,D,05/23/19,00:00,1736.5000000,38739
BANEP,D,05/24/19,00:00,1730.5000000,34785
BANEP,D,05/27/19,00:00,1728.5000000,19549
BANEP,D,05/28/19,00:00,1721.0000000,51576
BANEP,D,05/29/19,00:00,1715.0000000,52693
BANEP,D,05/30/19,00:00,1719.5000000,27325
BANEP,D,05/31/19,00:00,1710.5000000,40238
BANEP,D,06/03/19,00:00,1714.0000000,56394
BANEP,D,06/04/19,00:00,1719.5000000,42920
BANEP,D,06/05/19,00:00,1717.0000000,33210
BANEP,D,06/06/19,00:00,1725.0000000,29619
BANEP,D,06/07/19,00:00,1734.5000000,29469
BANEP,D,06/10/19,00:00,1769.5000000,77591
BANEP,D,06/11/19,00:00,1759.0000000,108579
BANEP,D,06/13/19,00:00,1758.0000000,70443
BANEP,D,06/14/19,00:00,1780.0000000,69768
BANEP,D,06/17/19,00:00,1790.5000000,73308
BANEP,D,06/18/19,00:00,1775.0000000,104817
BANEP,D,06/19/19,00:00,1775.0000000,64922
BANEP,D,06/20/19,00:00,1784.0000000,220586
BANEP,D,06/21/19,00:00,1670.0000000,319529
BANEP,D,06/24/19,00:00,1665.0000000,53004
BANEP,D,06/25/19,00:00,1650.0000000,45129
BANEP,D,06/26/19,00:00,1660.0000000,51644
BANEP,D,06/27/19,00:00,1647.0000000,40367
BANEP,D,06/28/19,00:00,1647.0000000,50520
BANEP,D,07/01/19,00:00,1649.0000000,46649
BANEP,D,07/02/19,00:00,1642.0000000,37763
BANEP,D,07/03/19,00:00,1640.0000000,57803
BANEP,D,07/04/19,00:00,1636.0000000,27784
BANEP,D,07/05/19,00:00,1647.5000000,62497
BANEP,D,07/08/19,00:00,1656.0000000,51266
BANEP,D,07/09/19,00:00,1665.0000000,62738
BANEP,D,07/10/19,00:00,1654.0000000,38607
BANEP,D,07/11/19,00:00,1648.5000000,23257
BANEP,D,07/12/19,00:00,1640.0000000,28082
BANEP,D,07/15/19,00:00,1638.0000000,21938
BANEP,D,07/16/19,00:00,1610.0000000,81539
BANEP,D,07/17/19,00:00,1610.5000000,30310
BANEP,D,07/18/19,00:00,1604.0000000,81517
BANEP,D,07/19/19,00:00,1602.5000000,29386
BANEP,D,07/22/19,00:00,1595.0000000,31622
BANEP,D,07/23/19,00:00,1603.0000000,14233
BANEP,D,07/24/19,00:00,1605.0000000,17462
BANEP,D,07/25/19,00:00,1605.0000000,19585
BANEP,D,07/26/19,00:00,1615.0000000,21706
BANEP,D,07/29/19,00:00,1629.5000000,40783
BANEP,D,07/30/19,00:00,1623.0000000,18170
BANEP,D,07/31/19,00:00,1610.0000000,17806
BANEP,D,08/01/19,00:00,1602.0000000,36810
BANEP,D,08/02/19,00:00,1596.0000000,31430
BANEP,D,08/05/19,00:00,1587.5000000,38057
BANEP,D,08/06/19,00:00,1596.5000000,14229
BANEP,D,08/07/19,00:00,1600.0000000,18514
BANEP,D,08/08/19,00:00,1604.0000000,17057
BANEP,D,08/09/19,00:00,1600.0000000,18108
BANEP,D,08/12/19,00:00,1595.5000000,30073
BANEP,D,08/13/19,00:00,1591.5000000,17543
BANEP,D,08/14/19,00:00,1582.0000000,31982
BANEP,D,08/15/19,00:00,1582.0000000,48908
BANEP,D,08/16/19,00:00,1585.0000000,56409
BANEP,D,08/19/19,00:00,1590.0000000,19714
BANEP,D,08/20/19,00:00,1579.5000000,54295
BANEP,D,08/21/19,00:00,1584.0000000,16853
BANEP,D,08/22/19,00:00,1576.0000000,20626
BANEP,D,08/23/19,00:00,1569.0000000,35156
BANEP,D,08/26/19,00:00,1561.0000000,31748
BANEP,D,08/27/19,00:00,1559.0000000,37138
BANEP,D,08/28/19,00:00,1551.5000000,36929
BANEP,D,08/29/19,00:00,1562.0000000,21883
BANEP,D,08/30/19,00:00,1569.0000000,21830
BANEP,D,09/02/19,00:00,1560.0000000,57369
BANEP,D,09/03/19,00:00,1578.0000000,49679
BANEP,D,09/04/19,00:00,1590.0000000,34861
BANEP,D,09/05/19,00:00,1589.0000000,25773
BANEP,D,09/06/19,00:00,1588.0000000,14880
BANEP,D,09/09/19,00:00,1587.5000000,25195
BANEP,D,09/10/19,00:00,1593.0000000,32730
BANEP,D,09/11/19,00:00,1597.0000000,24022
BANEP,D,09/12/19,00:00,1602.0000000,97077
BANEP,D,09/13/19,00:00,1607.0000000,36978
BANEP,D,09/16/19,00:00,1630.0000000,69614
BANEP,D,09/17/19,00:00,1637.0000000,122013
BANEP,D,09/18/19,00:00,1643.0000000,34591
BANEP,D,09/19/19,00:00,1640.0000000,39268
BANEP,D,09/20/19,00:00,1623.0000000,37278
BANEP,D,09/23/19,00:00,1626.5000000,17597
BANEP,D,09/24/19,00:00,1625.0000000,20620
BANEP,D,09/25/19,00:00,1624.5000000,34396
BANEP,D,09/26/19,00:00,1638.5000000,71952
BANEP,D,09/27/19,00:00,1647.0000000,40623
BANEP,D,09/30/19,00:00,1665.0000000,91438
BANEP,D,10/01/19,00:00,1634.5000000,49766
BANEP,D,10/02/19,00:00,1603.0000000,66775
BANEP,D,10/03/19,00:00,1610.5000000,47624
BANEP,D,10/04/19,00:00,1609.5000000,30066
BANEP,D,10/07/19,00:00,1613.5000000,25095
BANEP,D,10/08/19,00:00,1606.0000000,16372
BANEP,D,10/09/19,00:00,1639.0000000,36584
BANEP,D,10/10/19,00:00,1622.0000000,22061
BANEP,D,10/11/19,00:00,1614.5000000,42395
BANEP,D,10/14/19,00:00,1607.0000000,19021
BANEP,D,10/15/19,00:00,1616.0000000,11807
BANEP,D,10/16/19,00:00,1610.5000000,20520
BANEP,D,10/17/19,00:00,1616.0000000,19054
BANEP,D,10/18/19,00:00,1620.0000000,24132
BANEP,D,10/21/19,00:00,1620.0000000,25746
BANEP,D,10/22/19,00:00,1619.0000000,24925
BANEP,D,10/23/19,00:00,1629.0000000,48219
BANEP,D,10/24/19,00:00,1650.0000000,88234
BANEP,D,10/25/19,00:00,1675.0000000,110884
BANEP,D,10/28/19,00:00,1658.5000000,66145
BANEP,D,10/29/19,00:00,1695.5000000,62863
BANEP,D,10/30/19,00:00,1715.5000000,104101
BANEP,D,10/31/19,00:00,1730.0000000,155774
BANEP,D,11/01/19,00:00,1766.0000000,119672
BANEP,D,11/05/19,00:00,1780.0000000,123014
BANEP,D,11/06/19,00:00,1744.0000000,105326
BANEP,D,11/07/19,00:00,1730.5000000,122470
BANEP,D,11/08/19,00:00,1710.0000000,46404
BANEP,D,11/11/19,00:00,1725.0000000,37971
BANEP,D,11/12/19,00:00,1740.0000000,51452
BANEP,D,11/13/19,00:00,1729.5000000,26359
BANEP,D,11/14/19,00:00,1728.5000000,19465
BANEP,D,11/15/19,00:00,1719.5000000,18999
BANEP,D,11/18/19,00:00,1722.5000000,18408
BANEP,D,11/19/19,00:00,1714.5000000,31427
BANEP,D,11/20/19,00:00,1731.0000000,175267
BANEP,D,11/21/19,00:00,1734.5000000,44782
BANEP,D,11/22/19,00:00,1737.0000000,31820
BANEP,D,11/25/19,00:00,1748.0000000,27464
BANEP,D,11/26/19,00:00,1736.0000000,19489
BANEP,D,11/27/19,00:00,1737.5000000,13586
BANEP,D,11/28/19,00:00,1730.0000000,21318
BANEP,D,11/29/19,00:00,1724.0000000,17581
BANEP,D,12/02/19,00:00,1716.5000000,18192
BANEP,D,12/03/19,00:00,1708.0000000,29626
BANEP,D,12/04/19,00:00,1713.5000000,47541
BANEP,D,12/05/19,00:00,1711.5000000,19785
BANEP,D,12/06/19,00:00,1730.0000000,16403
BANEP,D,12/09/19,00:00,1724.0000000,18048
BANEP,D,12/10/19,00:00,1734.0000000,29039
BANEP,D,12/11/19,00:00,1730.5000000,21534
BANEP,D,12/12/19,00:00,1720.0000000,56067
BANEP,D,12/13/19,00:00,1714.0000000,72700
BANEP,D,12/16/19,00:00,1728.0000000,57599
BANEP,D,12/17/19,00:00,1729.0000000,38156
BANEP,D,12/18/19,00:00,1732.0000000,100627
BANEP,D,12/19/19,00:00,1725.0000000,69273
BANEP,D,12/20/19,00:00,1724.5000000,58691
BANEP,D,12/23/19,00:00,1722.0000000,59447
BANEP,D,12/24/19,00:00,1717.0000000,44148
BANEP,D,12/25/19,00:00,1718.5000000,51743
BANEP,D,12/26/19,00:00,1720.0000000,53592
BANEP,D,12/27/19,00:00,1727.0000000,45987
BANEP,D,12/30/19,00:00,1722.5000000,37373
